datetime,high,moderately_high,normal,moderately_low,low,very_low,2024_2025,2025_2026
2020-10-01,96.64,88.39750000000001,85.739,79.11600000000001,69.28750000000001,64.29999999999998,64.67352108683313,63.92671981277517
2020-10-08,96.64,88.39750000000001,85.739,79.11600000000001,69.28750000000001,64.29999999999998,63.82768746991096,63.278295245011385
2020-10-15,90.99,84.02000000000001,79.47,70.61,64.17,61.1,62.86761698585761,62.63293031457443
2020-10-22,96.64,88.39750000000001,85.739,79.11600000000001,69.28750000000001,64.29999999999998,61.85700004433352,61.8518486141404
2020-10-29,96.64,88.39750000000001,85.739,79.11600000000001,69.28750000000001,64.29999999999998,60.94619596539987,61.12830682792413
2020-11-05,96.64,88.39750000000001,85.739,79.11600000000001,69.28750000000001,64.29999999999998,60.117315236931454,60.94738235538375
2020-11-12,96.64,88.39750000000001,85.739,79.11600000000001,69.28750000000001,64.29999999999998,59.45003331258192,61.56555397855882
2020-11-15,97.01,83.98249999999999,77.818,69.402,61.73,58.628,85.97902462508516,91.37486676528275
2020-11-19,96.64,88.39750000000001,85.739,79.11600000000001,69.28750000000001,64.29999999999998,58.61962276545009,62.35344181100558
2020-11-26,96.64,88.39750000000001,85.739,79.11600000000001,69.28750000000001,64.29999999999998,58.229300460756406,62.54054799977772
2020-12-03,96.64,88.39750000000001,85.739,79.11600000000001,69.28750000000001,64.29999999999998,57.387119676153006,62.368833660006864
2020-12-10,96.64,88.39750000000001,85.739,79.11600000000001,69.28750000000001,64.29999999999998,56.56236009183907,62.57454743905234
2020-12-15,98.3,83.36500000000001,80.67,66.3,60.11,57.87,85.97902462508516,91.37486676528275
2020-12-17,96.64,88.39750000000001,85.739,79.11600000000001,69.28750000000001,64.29999999999998,59.3991122056426,63.87514306926582
2020-12-24,96.64,88.39750000000001,85.739,79.11600000000001,69.28750000000001,64.29999999999998,59.27329242577414,66.03755736039469
2020-12-31,96.64,88.39750000000001,85.739,79.11600000000001,69.28750000000001,64.29999999999998,59.21865604493796,68.44293183190477
2021-01-07,96.64,88.39750000000001,85.739,79.11600000000001,69.28750000000001,64.29999999999998,59.30857191739979,70.9526774012065
2021-01-14,96.64,88.39750000000001,85.739,79.11600000000001,69.28750000000001,64.29999999999998,60.27207668824857,74.11140951247489
2021-01-15,97.4,85.0925,82.648,76.876,60.33,57.008,85.97902462508516,91.37486676528275
2021-01-21,96.64,88.39750000000001,85.739,79.11600000000001,69.28750000000001,64.29999999999998,61.24001481114233,76.65605992393367
2021-01-28,96.64,88.39750000000001,85.739,79.11600000000001,69.28750000000001,64.29999999999998,61.90167699346299,80.25946973363048
2021-02-04,96.64,88.39750000000001,85.739,79.11600000000001,69.28750000000001,64.29999999999998,61.9882210207075,85.68689170195137
2021-02-11,96.64,88.39750000000001,85.739,79.11600000000001,69.28750000000001,64.29999999999998,62.61163773644285,87.57481281575926
2021-02-15,98.7,86.64,85.838,80.71,63.94,58.791,85.97902462508516,91.37486676528275
2021-02-18,96.64,88.39750000000001,85.739,79.11600000000001,69.28750000000001,64.29999999999998,64.06996079293312,86.78127402049458
2021-02-25,96.64,88.39750000000001,85.739,79.11600000000001,69.28750000000001,64.29999999999998,64.83162316257851,86.14618072965482
2021-03-04,96.64,88.39750000000001,85.739,79.11600000000001,69.28750000000001,64.29999999999998,65.52928291467298,85.96943984284704
2021-03-11,96.64,88.39750000000001,85.739,79.11600000000001,69.28750000000001,64.29999999999998,65.87277403579276,85.57552714741271
2021-03-15,94.56,89.1625,85.97,80.1,66.9625,64.49099999999999,85.97902462508516,91.37486676528275
2021-03-18,96.64,88.39750000000001,85.739,79.11600000000001,69.28750000000001,64.29999999999998,66.34470748306116,85.32807117340838
2021-03-25,96.64,88.39750000000001,85.739,79.11600000000001,69.28750000000001,64.29999999999998,66.85357512377482,85.48395657313127
2021-04-01,96.64,88.39750000000001,85.739,79.11600000000001,69.28750000000001,64.29999999999998,67.0244777230304,85.90983935655203
2021-04-08,96.64,88.39750000000001,85.739,79.11600000000001,69.28750000000001,64.29999999999998,67.31576768485986,85.96147854163948
2021-04-15,93.9,89.74499999999999,86.564,79.858,73.2075,67.63600000000001,67.8956313998715,85.64558659803922
2021-04-22,96.64,88.39750000000001,85.739,79.11600000000001,69.28750000000001,64.29999999999998,68.84330723067231,85.28751536843342
2021-04-29,96.64,88.39750000000001,85.739,79.11600000000001,69.28750000000001,64.29999999999998,69.50150390540851,85.1512678450225
2021-05-06,96.64,88.39750000000001,85.739,79.11600000000001,69.28750000000001,64.29999999999998,70.50437809124837,85.03959108259336
2021-05-13,96.64,88.39750000000001,85.739,79.11600000000001,69.28750000000001,64.29999999999998,70.69507467076117,84.91139852275715
2021-05-15,93.5,89.29,86.5,78.476,73.4525,68.5,85.97902462508516,91.37486676528275
2021-05-20,96.64,88.39750000000001,85.739,79.11600000000001,69.28750000000001,64.29999999999998,70.4788394858061,84.69172905100665
2021-05-27,96.64,88.39750000000001,85.739,79.11600000000001,69.28750000000001,64.29999999999998,70.21583555885525,84.48810706482747
2021-06-03,96.64,88.39750000000001,85.739,79.11600000000001,69.28750000000001,64.29999999999998,69.97746483446427,84.19144712728155
2021-06-10,96.64,88.39750000000001,85.739,79.11600000000001,69.28750000000001,64.29999999999998,69.73909411007327,83.95039141503231
2021-06-15,95.6,88.845,86.364,76.288,72.4975,67.8,85.97902462508516,91.37486676528275
2021-06-17,96.64,88.39750000000001,85.739,79.11600000000001,69.28750000000001,64.29999999999998,69.50072338568228,83.75448096374829
2021-06-24,96.64,88.39750000000001,85.739,79.11600000000001,69.28750000000001,64.29999999999998,69.30393875230487,83.47074643286876
2021-07-01,96.64,88.39750000000001,85.739,79.11600000000001,69.28750000000001,64.29999999999998,69.15788790113251,83.46593843135517
2021-07-08,96.64,88.39750000000001,85.739,79.11600000000001,69.28750000000001,64.29999999999998,68.9761204672878,83.607836917584
2021-07-15,93.93,87.75500000000001,86.246,75.334,71.1525,66.59100000000001,69.01592697332558,83.30483915986106
2021-07-22,96.64,88.39750000000001,85.739,79.11600000000001,69.28750000000001,64.29999999999998,68.88720366007554,82.91286215334777
2021-07-29,96.64,88.39750000000001,85.739,79.11600000000001,69.28750000000001,64.29999999999998,68.46375609820062,82.53081335775215
2021-08-05,96.64,88.39750000000001,85.739,79.11600000000001,69.28750000000001,64.29999999999998,68.03624983374931,82.06481186040313
2021-08-12,96.64,88.39750000000001,85.739,79.11600000000001,69.28750000000001,64.29999999999998,67.67889668229164,81.70468005872006
2021-08-15,93.6,86.4325,84.37,73.958,69.58,65.312,85.97902462508516,91.37486676528275
2021-08-19,96.64,88.39750000000001,85.739,79.11600000000001,69.28750000000001,64.29999999999998,67.23977628431399,81.42185093072294
2021-08-26,96.64,88.39750000000001,85.739,79.11600000000001,69.28750000000001,64.29999999999998,66.76034984767377,81.14742019498009
2021-09-02,96.64,88.39750000000001,85.739,79.11600000000001,69.28750000000001,64.29999999999998,66.44292808541009,80.81317042741884
2021-09-09,96.64,88.39750000000001,85.739,79.11600000000001,69.28750000000001,64.29999999999998,66.01386078150631,80.38291673353119
2021-09-15,93.7,84.82499999999999,82.0,71.818,67.1,63.703,85.97902462508516,91.37486676528275
2021-09-16,96.64,88.39750000000001,85.739,79.11600000000001,69.28750000000001,64.29999999999998,65.45791219090638,79.8030217977305
2021-09-23,96.64,88.39750000000001,85.739,79.11600000000001,69.28750000000001,64.29999999999998,64.76668392135608,79.10611134457324
2021-09-30,96.64,88.39750000000001,85.739,79.11600000000001,69.28750000000001,64.29999999999998,64.02465942802267,78.70467443897805
2021-10-07,96.64,88.39750000000001,85.739,79.11600000000001,69.28750000000001,64.29999999999998,63.36384020700633,78.99162471112966
2021-10-14,96.64,88.39750000000001,85.739,79.11600000000001,69.28750000000001,64.29999999999998,62.73399200872684,79.19758825648753
2021-10-15,90.99,82.935,79.106,72.04,64.29,61.19,85.97902462508516,91.37486676528275
2021-10-21,96.64,88.39750000000001,85.739,79.11600000000001,69.28750000000001,64.29999999999998,61.97744984848551,78.70033474930018
2021-10-28,96.64,88.39750000000001,85.739,79.11600000000001,69.28750000000001,64.29999999999998,61.2020191108694,78.27301580958316
2021-11-04,96.64,88.39750000000001,85.739,79.11600000000001,69.28750000000001,64.29999999999998,60.90938665511082,78.06976847287257
2021-11-11,96.64,88.39750000000001,85.739,79.11600000000001,69.28750000000001,64.29999999999998,61.41016811146072,77.96452319298757
2021-11-15,97.01,83.5925,77.8,71.142,62.13,58.66,85.97902462508516,91.37486676528275
2021-11-18,96.64,88.39750000000001,85.739,79.11600000000001,69.28750000000001,64.29999999999998,62.29799368965412,77.708668826729
2021-11-25,96.64,88.39750000000001,85.739,79.11600000000001,69.28750000000001,64.29999999999998,62.552099691725935,77.80957441693616
2021-12-02,96.64,88.39750000000001,85.739,79.11600000000001,69.28750000000001,64.29999999999998,62.41066951733284,79.35128820097695
2021-12-09,96.64,88.39750000000001,85.739,79.11600000000001,69.28750000000001,64.29999999999998,62.45019503626919,82.52744151253484
2021-12-15,98.3,83.6,80.936,67.364,60.3025,58.004,85.97902462508516,91.37486676528275
2021-12-16,96.64,88.39750000000001,85.739,79.11600000000001,69.28750000000001,64.29999999999998,63.60739358237949,86.5794316192912
2021-12-23,96.64,88.39750000000001,85.739,79.11600000000001,69.28750000000001,64.29999999999998,65.67374150560383,90.45536769659888
2021-12-30,96.64,88.39750000000001,85.739,79.11600000000001,69.28750000000001,64.29999999999998,68.12622814778922,93.0578077885878
2022-01-06,96.64,88.39750000000001,85.739,79.11600000000001,69.28750000000001,64.29999999999998,70.53837753052301,93.32209176788967
2022-01-13,96.64,88.39750000000001,85.739,79.11600000000001,69.28750000000001,64.29999999999998,73.61090904322644,93.5817238496232
2022-01-15,97.4,86.1,83.17,77.21,60.955,57.26,85.97902462508516,91.37486676528275
2022-01-20,96.64,88.39750000000001,85.739,79.11600000000001,69.28750000000001,64.29999999999998,76.4751978929714,95.18310056153712
2022-01-27,96.64,88.39750000000001,85.739,79.11600000000001,69.28750000000001,64.29999999999998,79.29946169115522,94.75334640027424
2022-02-03,96.64,88.39750000000001,85.739,79.11600000000001,69.28750000000001,64.29999999999998,85.1577305483557,93.90170571658892
2022-02-10,96.64,88.39750000000001,85.739,79.11600000000001,69.28750000000001,64.29999999999998,87.65102276182847,93.77619814461094
2022-02-15,98.7,87.35249999999999,86.078,81.436,64.1,58.923,85.97902462508516,91.37486676528275
2022-02-17,96.64,88.39750000000001,85.739,79.11600000000001,69.28750000000001,64.29999999999998,86.9441528769645,93.25493585064476
2022-02-24,96.64,88.39750000000001,85.739,79.11600000000001,69.28750000000001,64.29999999999998,86.14068587078215,92.87778871892984
2022-03-03,96.64,88.39750000000001,85.739,79.11600000000001,69.28750000000001,64.29999999999998,86.03565913642048,92.82255914310171
2022-03-10,96.64,88.39750000000001,85.739,79.11600000000001,69.28750000000001,64.29999999999998,85.61851817393352,93.62081227751284
2022-03-15,94.56,90.04,86.102,80.72800000000001,69.11,64.602,85.97902462508516,91.37486676528275
2022-03-17,96.64,88.39750000000001,85.739,79.11600000000001,69.28750000000001,64.29999999999998,85.35323512938207,94.46411701052205
2022-03-24,96.64,88.39750000000001,85.739,79.11600000000001,69.28750000000001,64.29999999999998,85.39844283192538,94.50560943916848
2022-03-31,96.64,88.39750000000001,85.739,79.11600000000001,69.28750000000001,64.29999999999998,85.88186552956391,94.31010485814213
2022-04-07,96.64,88.39750000000001,85.739,79.11600000000001,69.28750000000001,64.29999999999998,85.98155350899815,94.59327741481876
2022-04-14,96.64,88.39750000000001,85.739,79.11600000000001,69.28750000000001,64.29999999999998,85.72413810328712,95.80767244646728
2022-04-15,96.3,90.01,86.916,80.248,73.41499999999999,67.76599999999999,85.97902462508516,91.37486676528275
2022-04-21,96.64,88.39750000000001,85.739,79.11600000000001,69.28750000000001,64.29999999999998,85.30215791849751,96.47389286398914
2022-04-28,96.64,88.39750000000001,85.739,79.11600000000001,69.28750000000001,64.29999999999998,85.17718109993339,96.07582780361123
2022-05-05,96.64,88.39750000000001,85.739,79.11600000000001,69.28750000000001,64.29999999999998,85.04227607045159,95.22047184602908
2022-05-12,96.64,88.39750000000001,85.739,79.11600000000001,69.28750000000001,64.29999999999998,84.9505493922249,94.34847520788362
2022-05-15,95.51,89.64,86.64000000000001,79.888,73.7,68.654,85.97902462508516,91.37486676528275
2022-05-19,96.64,88.39750000000001,85.739,79.11600000000001,69.28750000000001,64.29999999999998,84.7127406420368,93.92683845177356
2022-05-26,96.64,88.39750000000001,85.739,79.11600000000001,69.28750000000001,64.29999999999998,84.52797601244335,93.91194613539707
2022-06-02,96.64,88.39750000000001,85.739,79.11600000000001,69.28750000000001,64.29999999999998,84.23715436244964,93.75287621519118
2022-06-09,96.64,88.39750000000001,85.739,79.11600000000001,69.28750000000001,64.29999999999998,83.9697795250319,93.48881078141264
2022-06-15,95.6,89.0675,86.552,79.514,72.9,67.8,85.97902462508516,91.37486676528275
2022-06-16,96.64,88.39750000000001,85.739,79.11600000000001,69.28750000000001,64.29999999999998,83.7939128203175,93.21372440909974
2022-06-23,96.64,88.39750000000001,85.739,79.11600000000001,69.28750000000001,64.29999999999998,83.51276961492904,93.14725534921388
2022-06-30,96.64,88.39750000000001,85.739,79.11600000000001,69.28750000000001,64.29999999999998,83.41152059604234,93.27825778006454
2022-07-07,96.64,88.39750000000001,85.739,79.11600000000001,69.28750000000001,64.29999999999998,83.63309453592484,93.33723385057856
2022-07-14,96.64,88.39750000000001,85.739,79.11600000000001,69.28750000000001,64.29999999999998,83.37218240184029,93.22437069816552
2022-07-15,93.93,88.16,86.63,78.578,71.7,66.668,85.97902462508516,91.37486676528275
2022-07-21,96.64,88.39750000000001,85.739,79.11600000000001,69.28750000000001,64.29999999999998,82.95373016621323,92.97413607393582
2022-07-28,96.64,88.39750000000001,85.739,79.11600000000001,69.28750000000001,64.29999999999998,82.6036826793931,92.71993640949688
2022-08-04,96.64,88.39750000000001,85.739,79.11600000000001,69.28750000000001,64.29999999999998,82.12297619040186,92.47944267145051
2022-08-11,96.64,88.39750000000001,85.739,79.11600000000001,69.28750000000001,64.29999999999998,81.74717155261608,92.32037275124462
2022-08-15,93.6,86.69,85.068,77.38,70.13,65.344,85.97902462508516,91.37486676528275
2022-08-18,96.64,88.39750000000001,85.739,79.11600000000001,69.28750000000001,64.29999999999998,81.45944076073823,92.18281395469364
2022-08-25,96.64,88.39750000000001,85.739,79.11600000000001,69.28750000000001,64.29999999999998,81.18875651968128,91.93429647386164
2022-09-01,96.64,88.39750000000001,85.739,79.11600000000001,69.28750000000001,64.29999999999998,80.86946151007464,91.51344023747782
2022-09-08,96.64,88.39750000000001,85.739,79.11600000000001,69.28750000000001,64.29999999999998,80.45129026154905,90.9297988069912
2022-09-15,93.7,85.88250000000001,82.348,75.676,67.525,63.808,79.90514499871058,90.3571158734609
2022-09-22,96.64,88.39750000000001,85.739,79.11600000000001,69.28750000000001,64.29999999999998,79.20224015405587,89.90279095121628
2022-09-29,96.64,88.39750000000001,85.739,79.11600000000001,69.28750000000001,64.29999999999998,78.71032540179594,89.60806670259139
2022-10-06,96.64,88.39750000000001,85.739,79.11600000000001,69.28750000000001,64.29999999999998,78.88840878253285,89.33266812238799
2022-10-13,96.64,88.39750000000001,85.739,79.11600000000001,69.28750000000001,64.29999999999998,79.2665549794973,88.64396873675068
2022-10-15,90.99,84.33,79.704,72.88,64.37,61.232,85.97902462508516,91.37486676528275
2022-10-20,96.64,88.39750000000001,85.739,79.11600000000001,69.28750000000001,64.29999999999998,78.77414069461261,87.83940900295161
2022-10-27,96.64,88.39750000000001,85.739,79.11600000000001,69.28750000000001,64.29999999999998,78.31703712214261,87.56663296902836
2022-11-03,96.64,88.39750000000001,85.739,79.11600000000001,69.28750000000001,64.29999999999998,78.07882250169685,88.51252921485336
2022-11-10,96.64,88.39750000000001,85.739,79.11600000000001,69.28750000000001,64.29999999999998,77.98753291451686,92.68037966977148
2022-11-15,97.01,84.6475,78.0,72.8,62.385,58.688,85.97902462508516,91.37486676528275
2022-11-17,96.64,88.39750000000001,85.739,79.11600000000001,69.28750000000001,64.29999999999998,77.76327398677613,96.07873133699285
2022-11-24,96.64,88.39750000000001,85.739,79.11600000000001,69.28750000000001,64.29999999999998,77.70314274706728,94.80820132663376
2022-12-01,96.64,88.39750000000001,85.739,79.11600000000001,69.28750000000001,64.29999999999998,78.97926127866614,93.23701511773046
2022-12-08,96.64,88.39750000000001,85.739,79.11600000000001,69.28750000000001,64.29999999999998,81.96474923150028,91.92489901635784
2022-12-15,98.3,85.32,81.214,74.308,60.36,58.1,85.97902462508516,92.83567187450242
2022-12-22,96.64,88.39750000000001,85.739,79.11600000000001,69.28750000000001,64.29999999999998,89.96395247696375,94.50785733598003
2022-12-29,96.64,88.39750000000001,85.739,79.11600000000001,69.28750000000001,64.29999999999998,92.84553764384198,94.30336116770746
2023-01-05,96.64,88.39750000000001,85.739,79.11600000000001,69.28750000000001,64.29999999999998,93.51700315392412,94.38575283000844
2023-01-12,96.64,88.39750000000001,85.739,79.11600000000001,69.28750000000001,64.29999999999998,93.23529797433277,94.61753596791004
2023-01-15,97.4,87.1225,83.71,77.81800000000001,61.4175,58.401,85.97902462508516,91.37486676528275
2023-01-19,96.64,88.39750000000001,85.739,79.11600000000001,69.28750000000001,64.29999999999998,95.1111990843567,94.06093174074007
2023-01-26,96.64,88.39750000000001,85.739,79.11600000000001,69.28750000000001,64.29999999999998,94.99246642360242,93.21956269665196
2023-02-02,96.64,88.39750000000001,85.739,79.11600000000001,69.28750000000001,64.29999999999998,93.86676965364282,93.23180124595926
2023-02-09,96.64,88.39750000000001,85.739,79.11600000000001,69.28750000000001,64.29999999999998,93.86458419840936,94.88072721959516
2023-02-15,99.9,88.0275,86.17000000000002,81.926,64.3775,59.101,85.97902462508516,91.37486676528275
2023-02-16,96.64,88.39750000000001,85.739,79.11600000000001,69.28750000000001,64.29999999999998,93.31082106304292,97.96065805930328
2023-02-23,96.64,88.39750000000001,85.739,79.11600000000001,69.28750000000001,64.29999999999998,92.9289908129706,98.85051298878489
2023-03-02,96.64,88.39750000000001,85.739,79.11600000000001,69.28750000000001,64.29999999999998,92.7726995429901,96.19221890518683
2023-03-09,96.64,88.39750000000001,85.739,79.11600000000001,69.28750000000001,64.29999999999998,93.42121777312104,94.26595866242648
2023-03-15,96.67,90.5925,86.456,82.588,72.83,64.63,85.97902462508516,91.37486676528275
2023-03-16,96.64,88.39750000000001,85.739,79.11600000000001,69.28750000000001,64.29999999999998,94.4491310317784,93.6148178860154
2023-03-23,96.64,88.39750000000001,85.739,79.11600000000001,69.28750000000001,64.29999999999998,94.51175993461118,93.36742435358916
2023-03-30,96.64,88.39750000000001,85.739,79.11600000000001,69.28750000000001,64.29999999999998,94.36705157736792,93.71163355285712
2023-04-06,96.64,88.39750000000001,85.739,79.11600000000001,69.28750000000001,64.29999999999998,94.42293678976608,93.96786256858428
2023-04-13,96.64,88.39750000000001,85.739,79.11600000000001,69.28750000000001,64.29999999999998,95.62999493598802,93.97638584399472
2023-04-15,96.3,90.3025,87.404,80.924,74.3575,67.85799999999999,85.97902462508516,91.37486676528275
2023-04-20,96.64,88.39750000000001,85.739,79.11600000000001,69.28750000000001,64.29999999999998,96.48875395957658,93.62371581089444
2023-04-27,96.64,88.39750000000001,85.739,79.11600000000001,69.28750000000001,64.29999999999998,96.18872217681331,92.99814486071467
2023-05-04,96.64,88.39750000000001,85.739,79.11600000000001,69.28750000000001,64.29999999999998,95.35506466762035,92.58756026392808
2023-05-11,96.64,88.39750000000001,85.739,79.11600000000001,69.28750000000001,64.29999999999998,94.459652437688,92.61569019486144
2023-05-15,96.3,89.8475,87.154,80.078,75.5225,68.881,85.97902462508516,91.37486676528275
2023-05-18,96.64,88.39750000000001,85.739,79.11600000000001,69.28750000000001,64.29999999999998,93.9191269168784,94.2075757869044
2023-05-25,96.64,88.39750000000001,85.739,79.11600000000001,69.28750000000001,64.29999999999998,93.92721310124216,95.02468627790124
2023-06-01,96.64,88.39750000000001,85.739,79.11600000000001,69.28750000000001,64.29999999999998,93.78556438132571,93.90220524921372
2023-06-08,96.64,88.39750000000001,85.739,79.11600000000001,69.28750000000001,64.29999999999998,93.53323796422973,94.70667132064564
2023-06-15,95.6,89.345,86.786,79.7,74.42750000000001,67.8,93.24619402971096,94.990936604939
2023-06-22,96.64,88.39750000000001,85.739,79.11600000000001,69.28750000000001,64.29999999999998,93.12611887502756,95.10139575659522
2023-06-29,96.64,88.39750000000001,85.739,79.11600000000001,69.28750000000001,64.29999999999998,93.2627722686961,94.98107083559944
2023-07-06,96.64,88.39750000000001,85.739,79.11600000000001,69.28750000000001,64.29999999999998,93.33820169503907,94.83136715210831
2023-07-13,96.64,88.39750000000001,85.739,79.11600000000001,69.28750000000001,64.29999999999998,93.2606804758298,94.55347090878097
2023-07-15,95.0,88.73,86.756,79.138,72.5425,66.716,85.97902462508516,91.37486676528275
2023-07-20,96.64,88.39750000000001,85.739,79.11600000000001,69.28750000000001,64.29999999999998,93.00913457846003,94.27495024967266
2023-07-27,96.64,88.39750000000001,85.739,79.11600000000001,69.28750000000001,64.29999999999998,92.7579945513479,94.15912112229996
2023-08-03,96.64,88.39750000000001,85.739,79.11600000000001,69.28750000000001,64.29999999999998,92.50888387552398,94.0558739729141
2023-08-10,96.64,88.39750000000001,85.739,79.11600000000001,69.28750000000001,64.29999999999998,92.33414111921536,93.76939201259822
2023-08-15,94.16,87.8075,85.54,77.592,70.95750000000001,65.376,85.97902462508516,91.37486676528275
2023-08-17,96.64,88.39750000000001,85.739,79.11600000000001,69.28750000000001,64.29999999999998,92.210288249057,93.35453016771184
2023-08-24,96.64,88.39750000000001,85.739,79.11600000000001,69.28750000000001,64.29999999999998,91.98050324165452,92.81160064614544
2023-08-31,96.64,88.39750000000001,85.739,79.11600000000001,69.28750000000001,64.29999999999998,91.59211662588191,92.2942409508104
2023-09-07,96.64,88.39750000000001,85.739,79.11600000000001,69.28750000000001,64.29999999999998,91.0194336923516,91.71312840423678
2023-09-14,96.64,88.39750000000001,85.739,79.11600000000001,69.28750000000001,64.29999999999998,90.42848659722746,91.06005193890466
2023-09-15,93.7,86.92500000000001,82.89,76.666,68.17500000000001,63.927,85.97902462508516,91.37486676528275
2023-09-21,96.64,88.39750000000001,85.739,79.11600000000001,69.28750000000001,64.29999999999998,89.95908203387206,90.51524916999531
2023-09-28,96.64,88.39750000000001,85.739,79.11600000000001,69.28750000000001,64.29999999999998,89.63126374885498,90.11343761493154
2023-10-05,96.64,88.39750000000001,85.739,79.11600000000001,69.28750000000001,64.29999999999998,89.39354866103403,90.12826748972992
2023-10-12,96.64,88.39750000000001,85.739,79.11600000000001,69.28750000000001,64.29999999999998,88.79236114710174,89.63866307585965
2023-10-15,90.99,85.84,80.598,74.02,64.6825,61.3,85.97902462508516,91.37486676528275
2023-10-19,96.64,88.39750000000001,85.739,79.11600000000001,69.28750000000001,64.29999999999998,87.90974944067956,88.3661037142124
2023-10-26,96.64,88.39750000000001,85.739,79.11600000000001,69.28750000000001,64.29999999999998,87.56379187722489,87.89257800670248
2023-11-02,96.64,88.39750000000001,85.739,79.11600000000001,69.28750000000001,64.29999999999998,88.20103940250904,87.20934225914878
2023-11-09,96.64,88.39750000000001,85.739,79.11600000000001,69.28750000000001,64.29999999999998,91.7064159345912,86.9751551204904
2023-11-15,97.01,85.0475,78.712,73.44,62.4975,58.709,85.97902462508516,91.37486676528275
2023-11-16,96.64,88.39750000000001,85.739,79.11600000000001,69.28750000000001,64.29999999999998,96.24454494763336,86.83984422075096
2023-11-23,96.64,88.39750000000001,85.739,79.11600000000001,69.28750000000001,64.29999999999998,95.01060570204002,86.59138918149706
2023-11-30,96.64,88.39750000000001,85.739,79.11600000000001,69.28750000000001,64.29999999999998,93.4908713534899,85.9335359354404
2023-12-07,96.64,88.39750000000001,85.739,79.11600000000001,69.28750000000001,64.29999999999998,92.0237752552768,85.24040319775811
2023-12-14,96.64,88.39750000000001,85.739,79.11600000000001,69.28750000000001,64.29999999999998,92.4002355296326,85.38620428261808
2023-12-15,98.3,85.64500000000001,81.50800000000001,76.45,60.4,58.133,85.97902462508516,91.37486676528275
2023-12-21,96.64,88.39750000000001,85.739,79.11600000000001,69.28750000000001,64.29999999999998,94.53105438224362,86.03434786328043
2023-12-28,96.64,88.39750000000001,85.739,79.11600000000001,69.28750000000001,64.29999999999998,94.34060756904324,87.74655837631914
2024-01-04,96.64,88.39750000000001,85.739,79.11600000000001,69.28750000000001,64.29999999999998,94.3086374810568,90.28337236972658
2024-01-11,96.64,88.39750000000001,85.739,79.11600000000001,69.28750000000001,64.29999999999998,94.64310579414136,91.79452100128816
2024-01-15,97.4,88.2,83.81,78.98,61.8,58.44,85.97902462508516,91.37486676528275
2024-01-18,96.64,88.39750000000001,85.739,79.11600000000001,69.28750000000001,64.29999999999998,94.21238378841797,92.6342977851348
2024-01-25,96.64,88.39750000000001,85.739,79.11600000000001,69.28750000000001,64.29999999999998,93.29805176032175,91.92046566431284
2024-02-01,96.64,88.39750000000001,85.739,79.11600000000001,69.28750000000001,64.29999999999998,93.12305923770072,91.23629329308766
2024-02-08,96.64,88.39750000000001,85.739,79.11600000000001,69.28750000000001,64.29999999999998,94.4760745727279,90.83566812800774
2024-02-15,99.9,89.55000000000001,86.3,82.418,64.715,59.32599999999999,97.47358252934598,90.2968285298068
2024-02-22,96.64,88.39750000000001,85.739,79.11600000000001,69.28750000000001,64.29999999999998,99.2033391258304,89.58817905996702
2024-02-29,96.64,88.39750000000001,85.739,79.11600000000001,69.28750000000001,64.29999999999998,97.02350363441204,88.87431571835602
2024-03-07,96.64,88.39750000000001,85.739,79.11600000000001,69.28750000000001,64.29999999999998,94.44176292556278,87.93438264323943
2024-03-14,96.64,88.39750000000001,85.739,79.11600000000001,69.28750000000001,64.29999999999998,93.81447483198532,86.95270737316399
2024-03-15,96.67,90.43,86.564,83.114,73.96000000000001,64.678,85.97902462508516,91.37486676528275
2024-03-21,96.64,88.39750000000001,85.739,79.11600000000001,69.28750000000001,64.29999999999998,93.26611289312436,86.16656790490397
2024-03-28,96.64,88.39750000000001,85.739,79.11600000000001,69.28750000000001,64.29999999999998,93.6172218867722,85.59110632114827
2024-04-04,96.64,88.39750000000001,85.739,79.11600000000001,69.28750000000001,64.29999999999998,93.9229358531424,85.33906089115372
2024-04-11,96.64,88.39750000000001,85.739,79.11600000000001,69.28750000000001,64.29999999999998,94.03061635457324,85.88957706445908
2024-04-15,96.3,90.1825,87.304,82.04,77.345,67.939,85.97902462508516,91.37486676528275
2024-04-18,96.64,88.39750000000001,85.739,79.11600000000001,69.28750000000001,64.29999999999998,93.7865010049972,86.98820541031299
2024-04-25,96.64,88.39750000000001,85.739,79.11600000000001,69.28750000000001,64.29999999999998,93.19817645615322,87.36354173626302
2024-05-02,96.64,88.39750000000001,85.739,79.11600000000001,69.28750000000001,64.29999999999998,92.59458494146416,87.0946058593928
2024-05-09,96.64,88.39750000000001,85.739,79.11600000000001,69.28750000000001,64.29999999999998,92.58756026392808,86.62535739998263
2024-05-15,96.3,89.795,86.874,80.56,76.485,69.06,85.97902462508516,91.37486676528275
2024-05-16,96.64,88.39750000000001,85.739,79.11600000000001,69.28750000000001,64.29999999999998,93.18381489319056,86.17737029791502
2024-05-23,96.64,88.39750000000001,85.739,79.11600000000001,69.28750000000001,64.29999999999998,95.84495006859208,85.73209940449466
2024-05-30,96.64,88.39750000000001,85.739,79.11600000000001,69.28750000000001,64.29999999999998,93.55680965996189,85.3289141347127
2024-06-06,96.64,88.39750000000001,85.739,79.11600000000001,69.28750000000001,64.29999999999998,94.63086724483404,85.38760921812529
2024-06-13,96.64,88.39750000000001,85.739,79.11600000000001,69.28750000000001,64.29999999999998,94.90248810956248,85.7664110516598
2024-06-15,95.6,89.2475,86.618,79.77,75.07,67.828,85.97902462508516,91.37486676528275
2024-06-20,96.64,88.39750000000001,85.739,79.11600000000001,69.28750000000001,64.29999999999998,95.14566683546708,85.73256771633041
2024-06-27,96.64,88.39750000000001,85.739,79.11600000000001,69.28750000000001,64.29999999999998,95.00223853057484,85.52304500102093
2024-07-04,96.64,88.39750000000001,85.739,79.11600000000001,69.28750000000001,64.29999999999998,94.90292520060918,85.28601677055904
2024-07-11,96.64,88.39750000000001,85.739,79.11600000000001,69.28750000000001,64.29999999999998,94.6433243396647,85.25632580017322
2024-07-15,95.0,88.595,86.67,80.09800000000003,73.325,66.764,85.97902462508516,91.37486676528275
2024-07-18,96.64,88.39750000000001,85.739,79.11600000000001,69.28750000000001,64.29999999999998,94.34082611456655,85.18089637383024
2024-07-25,96.64,88.39750000000001,85.739,79.11600000000001,69.28750000000001,64.29999999999998,94.1485060540232,84.79859781192222
2024-08-01,96.64,88.39750000000001,85.739,79.11600000000001,69.28750000000001,64.29999999999998,94.13885883020698,84.32416670152988
2024-08-08,96.64,88.39750000000001,85.739,79.11600000000001,69.28750000000001,64.29999999999998,93.84975432361098,83.90334168593509
2024-08-15,94.16,87.265,85.264,79.72000000000006,71.465,65.412,93.5239653898821,83.41423680468961
2024-08-22,96.64,88.39750000000001,85.739,79.11600000000001,69.28750000000001,64.29999999999998,92.947629624033,82.77330522629765
2024-08-29,96.64,88.39750000000001,85.739,79.11600000000001,69.28750000000001,64.29999999999998,92.4577442230613,82.13989785806655
2024-09-05,96.64,88.39750000000001,85.739,79.11600000000001,69.28750000000001,64.29999999999998,91.882532405618,81.37910967051452
2024-09-12,96.64,88.39750000000001,85.739,79.11600000000001,69.28750000000001,64.29999999999998,91.26957465421415,80.55079091624899
2024-09-15,93.7,86.0675,82.476,77.63600000000002,69.14500000000001,64.036,85.97902462508516,91.37486676528275
2024-09-19,96.64,88.39750000000001,85.739,79.11600000000001,69.28750000000001,64.29999999999998,90.59907698859256,79.97929437270255
2024-09-26,96.64,88.39750000000001,85.739,79.11600000000001,69.28750000000001,64.29999999999998,90.26954156017776,79.78154189486462
2024-10-03,96.64,88.39750000000001,85.739,79.11600000000001,69.28750000000001,64.29999999999998,89.91022149900999,79.4971829482041
2024-10-10,96.64,88.39750000000001,85.739,79.11600000000001,69.28750000000001,64.29999999999998,90.2558044129961,78.76102796321193
2024-10-15,90.99,85.45,79.93599999999999,74.678,65.4,61.36,85.97902462508516,91.37486676528275
2024-10-17,96.64,88.39750000000001,85.739,79.11600000000001,69.28750000000001,64.29999999999998,88.39164231965468,77.49090382311051
2024-10-24,96.64,88.39750000000001,85.739,79.11600000000001,69.28750000000001,64.29999999999998,88.17418952392669,76.67885109993962
2024-10-31,96.64,88.39750000000001,85.739,79.11600000000001,69.28750000000001,64.29999999999998,87.28932992069296,76.66673743378853
2024-11-07,96.64,88.39750000000001,85.739,79.11600000000001,69.28750000000001,64.29999999999998,87.02464007113345,76.383658539479
2024-11-14,96.64,88.39750000000001,85.739,79.11600000000001,69.28750000000001,64.29999999999998,86.86407155305317,76.31363030964154
2024-11-15,97.01,84.87,78.364,73.78200000000001,62.545,58.739,85.97902462508516,91.37486676528275
2024-11-21,96.64,88.39750000000001,85.739,79.11600000000001,69.28750000000001,64.29999999999998,86.72470195073734,76.51294382693192
2024-11-28,96.64,88.39750000000001,85.739,79.11600000000001,69.28750000000001,64.29999999999998,86.1943544071578,76.17732034465253
2024-12-05,96.64,88.39750000000001,85.739,79.11600000000001,69.28750000000001,64.29999999999998,85.35476494804549,75.45459029895156
2024-12-12,96.64,88.39750000000001,85.739,79.11600000000001,69.28750000000001,64.29999999999998,85.13653163259126,74.59039885806843
2024-12-15,98.3,85.47999999999999,81.33,75.0,60.505,58.148,85.97902462508516,91.37486676528275
2024-12-19,96.64,88.39750000000001,85.739,79.11600000000001,69.28750000000001,64.29999999999998,85.93515941647097,73.9474067075992
2024-12-26,96.64,88.39750000000001,85.739,79.11600000000001,69.28750000000001,64.29999999999998,86.73734637030228,73.73238913341704
2025-01-02,96.64,88.39750000000001,85.739,79.11600000000001,69.28750000000001,64.29999999999998,89.93775823495143,73.98430968025542
2025-01-09,96.64,88.39750000000001,85.739,79.11600000000001,69.28750000000001,64.29999999999998,91.24793864740305,76.756434760727
2025-01-15,97.4,87.8625,83.768,79.09400000000002,62.0925,58.476,85.97902462508516,91.37486676528275
2025-01-16,96.64,88.39750000000001,85.739,79.11600000000001,69.28750000000001,64.29999999999998,92.80323347468024,80.6892551156824
2025-01-23,96.64,88.39750000000001,85.739,79.11600000000001,69.28750000000001,64.29999999999998,92.17107493801112,81.65179204207065
2025-01-30,96.64,88.39750000000001,85.739,79.11600000000001,69.28750000000001,64.29999999999998,91.35824169511402,81.05072941129457
2025-02-06,96.64,88.39750000000001,85.739,79.11600000000001,69.28750000000001,64.29999999999998,90.94013288816652,80.62959218780928
2025-02-13,96.64,88.39750000000001,85.739,79.11600000000001,69.28750000000001,64.29999999999998,90.51674776786967,80.84651423012345
2025-02-15,99.9,89.485,86.21799999999999,82.136,64.825,59.472,85.97902462508516,91.37486676528275
2025-02-20,96.64,88.39750000000001,85.739,79.11600000000001,69.28750000000001,64.29999999999998,89.76738638910969,83.12731775332705
2025-02-27,96.64,88.39750000000001,85.739,79.11600000000001,69.28750000000001,64.29999999999998,89.11125028645074,86.33487917866846
2025-03-06,96.64,88.39750000000001,85.739,79.11600000000001,69.28750000000001,64.29999999999998,88.08973728954848,87.81739834667191
2025-03-13,96.64,88.39750000000001,85.739,79.11600000000001,69.28750000000001,64.29999999999998,87.0727825278474,88.85261726996679
2025-03-15,96.67,90.455,86.96,83.69,74.195,64.755,85.97902462508516,91.37486676528275
2025-03-20,96.64,88.39750000000001,85.739,79.11600000000001,69.28750000000001,64.29999999999998,86.26850378114976,89.93625963707707
2025-03-27,96.64,88.39750000000001,85.739,79.11600000000001,69.28750000000001,64.29999999999998,85.64702275433548,91.96954474469824
2025-04-03,96.64,88.39750000000001,85.739,79.11600000000001,69.28750000000001,64.29999999999998,85.34852079023565,94.35893417221511
2025-04-10,96.64,88.39750000000001,85.739,79.11600000000001,69.28750000000001,64.29999999999998,85.69347928844076,96.1337423672976
2025-04-15,100.9,90.515,87.478,82.632,78.375,67.99,85.97902462508516,91.37486676528275
2025-04-17,96.64,88.39750000000001,85.739,79.11600000000001,69.28750000000001,64.29999999999998,86.88345966305276,97.25391305759548
2025-04-24,96.64,88.39750000000001,85.739,79.11600000000001,69.28750000000001,64.29999999999998,87.37809062395996,99.25179379043485
2025-05-01,96.64,88.39750000000001,85.739,79.11600000000001,69.28750000000001,64.29999999999998,87.16488385554267,99.8761159090526
2025-05-08,96.64,88.39750000000001,85.739,79.11600000000001,69.28750000000001,64.29999999999998,86.68807996518257,97.73171601320514
2025-05-15,99.87,90.475,87.2,81.29,76.7,69.19,86.24309005886369,96.4542237668881
2025-05-22,96.64,88.39750000000001,85.739,79.11600000000001,69.28750000000001,64.29999999999998,85.7929175015626,96.09256214654164
2025-05-29,96.64,88.39750000000001,85.739,79.11600000000001,69.28750000000001,64.29999999999998,85.38223924240883,95.9654935351112
2025-06-05,96.64,88.39750000000001,85.739,79.11600000000001,69.28750000000001,64.29999999999998,85.29697526751534,95.89318618767317
2025-06-12,96.64,88.39750000000001,85.739,79.11600000000001,69.28750000000001,64.29999999999998,85.76100985515428,95.9829147354007
2025-06-15,96.4,89.57,86.96,79.8,75.285,67.869,85.97902462508516,91.37486676528275
2025-06-19,96.64,88.39750000000001,85.739,79.11600000000001,69.28750000000001,64.29999999999998,85.75105042344757,96.15837556985744
2025-06-26,96.64,88.39750000000001,85.739,79.11600000000001,69.28750000000001,64.29999999999998,85.56822148277519,96.30498839523273
2025-07-03,96.64,88.39750000000001,85.739,79.11600000000001,69.28750000000001,64.29999999999998,85.30478046477764,96.48719292012412
2025-07-10,96.64,88.39750000000001,85.739,79.11600000000001,69.28750000000001,64.29999999999998,85.24118371748433,96.68104279933088
2025-07-15,96.8,89.02250000000001,86.8,81.39,73.6325,66.91499999999999,85.97902462508516,91.37486676528275
2025-07-17,96.64,88.39750000000001,85.739,79.11600000000001,69.28750000000001,64.29999999999998,85.22622895952975,96.77489249121292
2025-07-24,96.64,88.39750000000001,85.739,79.11600000000001,69.28750000000001,64.29999999999998,84.86559762522191,96.69259449127912
2025-07-31,96.64,88.39750000000001,85.739,79.11600000000001,69.28750000000001,64.29999999999998,84.39297732059443,96.58288463856005
2025-08-07,96.64,88.39750000000001,85.739,79.11600000000001,69.28750000000001,64.29999999999998,83.95185879211763,96.54001849519544
2025-08-14,96.64,88.39750000000001,85.739,79.11600000000001,69.28750000000001,64.29999999999998,83.51255106940569,96.50383360068736
2025-08-15,96.64,88.98499999999999,85.64,81.19,71.825,65.50999999999999,85.97902462508516,91.37486676528275
2025-08-21,96.64,88.39750000000001,85.739,79.11600000000001,69.28750000000001,64.29999999999998,82.85585299254386,96.29721441875944
2025-08-28,96.64,88.39750000000001,85.739,79.11600000000001,69.28750000000001,64.29999999999998,82.24095955221897,95.96692969140749
2025-09-04,96.64,88.39750000000001,85.739,79.11600000000001,69.28750000000001,64.29999999999998,81.49793599363596,95.51641370542686
2025-09-11,96.64,88.39750000000001,85.739,79.11600000000001,69.28750000000001,64.29999999999998,80.6684620701756,94.90311252534347
2025-09-15,95.8,89.375,83.08,78.764,69.43,64.109,85.97902462508516,91.37486676528275
2025-09-18,96.64,88.39750000000001,85.739,79.11600000000001,69.28750000000001,64.29999999999998,80.01288794171954,94.26408541508351
2025-09-25,96.64,88.39750000000001,85.739,79.11600000000001,69.28750000000001,64.29999999999998,79.80267836905097,93.70467131689912
2025-10-02,96.64,88.39750000000001,85.739,79.11600000000001,69.28750000000001,64.29999999999998,79.56377689124614,93.41463018663164
2025-10-09,96.64,88.39750000000001,85.739,79.11600000000001,69.28750000000001,64.29999999999998,78.91763144108293,93.40760550909556
2025-10-15,93.5,86.555,80.77,75.19,65.9325,61.44,85.97902462508516,91.37486676528275
2025-10-16,96.64,88.39750000000001,85.739,79.11600000000001,69.28750000000001,64.29999999999998,77.70548430624598,93.1829407110972
2025-10-23,96.64,88.39750000000001,85.739,79.11600000000001,69.28750000000001,64.29999999999998,76.66342803014929,92.66895286097946
2025-10-30,96.64,88.39750000000001,85.739,79.11600000000001,69.28750000000001,64.29999999999998,76.69137063634838,92.1451304623112
2025-11-06,96.64,88.39750000000001,85.739,79.11600000000001,69.28750000000001,64.29999999999998,76.44519471469506,91.58103324576943
2025-11-13,96.64,88.39750000000001,85.739,79.11600000000001,69.28750000000001,64.29999999999998,76.25493522622897,91.7958010536392
2025-11-15,97.01,85.6,78.822,74.0,62.645,58.769,85.97902462508516,91.37486676528275
2025-11-20,96.64,88.39750000000001,85.739,79.11600000000001,69.28750000000001,64.29999999999998,76.52477650598159,92.79392967954358
2025-11-27,96.64,88.39750000000001,85.739,79.11600000000001,69.28750000000001,64.29999999999998,76.27341793334612,93.63423721680404
2025-12-04,96.64,88.39750000000001,85.739,79.11600000000001,69.28750000000001,64.29999999999998,75.56735978899742,94.4382974179783
2025-12-11,96.64,88.39750000000001,85.739,79.11600000000001,69.28750000000001,64.29999999999998,74.72811375856465,94.34213738770664
2025-12-15,98.3,85.75500000000001,81.61,75.8,60.985,58.19,85.97902462508516,91.37486676528275
2025-12-18,96.64,88.39750000000001,85.739,79.11600000000001,69.28750000000001,64.29999999999998,73.97812796402367,94.37697978828558
2025-12-25,96.64,88.39750000000001,85.739,79.11600000000001,69.28750000000001,64.29999999999998,73.7631103898415,94.73383340711848
2026-01-01,96.64,88.39750000000001,85.739,79.11600000000001,69.28750000000001,64.29999999999998,73.85939530326938,95.02499848579174
2026-01-08,96.64,88.39750000000001,85.739,79.11600000000001,69.28750000000001,64.29999999999998,75.99895597681419,94.68022731232092
2026-01-15,97.4,89.035,83.882,80.23,62.81,58.512,80.38828670924765,93.9214684760571
2026-01-22,96.64,88.39750000000001,85.739,79.11600000000001,69.28750000000001,64.29999999999998,81.7322167946615,93.43867019419956
2026-01-29,96.64,88.39750000000001,85.739,79.11600000000001,69.28750000000001,64.29999999999998,81.1438298042394,92.90938415744768
2026-02-05,96.64,88.39750000000001,85.739,79.11600000000001,69.28750000000001,64.29999999999998,80.6458269981149,92.63991752716365
2026-02-12,96.64,88.39750000000001,85.739,79.11600000000001,69.28750000000001,64.29999999999998,80.75257087587427,93.68056886775312
2026-02-15,99.9,89.735,86.39000000000001,82.468,65.15,59.666,85.97902462508516,91.37486676528275
2026-02-19,96.64,88.39750000000001,85.739,79.11600000000001,69.28750000000001,64.29999999999998,82.49228690406538,95.05094296149166
2026-02-26,96.64,88.39750000000001,85.739,79.11600000000001,69.28750000000001,64.29999999999998,86.11239983590355,95.39196764027658
2026-03-05,96.64,88.39750000000001,85.739,79.11600000000001,69.28750000000001,64.29999999999998,87.61986441435732,96.14772928079168
2026-03-12,96.64,88.39750000000001,85.739,79.11600000000001,69.28750000000001,64.29999999999998,88.77094368581396,95.9654935351112
2026-03-15,96.67,91.03,87.628,84.094,74.41,64.8,85.97902462508516,91.37486676528275
2026-03-19,96.64,88.39750000000001,85.739,79.11600000000001,69.28750000000001,64.29999999999998,89.68393321998106,95.2126978695558
2026-03-26,96.64,88.39750000000001,85.739,79.11600000000001,69.28750000000001,64.29999999999998,91.62820785802283,95.0263097589318
2026-04-02,96.64,88.39750000000001,85.739,79.11600000000001,69.28750000000001,64.29999999999998,94.01759728553972,95.3347399339493
2026-04-09,96.64,88.39750000000001,85.739,79.11600000000001,69.28750000000001,64.29999999999998,95.9972450775743,94.6687380619508
2026-04-15,100.9,91.0,88.428,83.09,78.5925,68.067,85.97902462508516,91.37486676528275
2026-04-16,96.64,88.39750000000001,85.739,79.11600000000001,69.28750000000001,64.29999999999998,97.06249839993455,94.58235013865152
2026-04-23,96.64,88.39750000000001,85.739,79.11600000000001,69.28750000000001,64.29999999999998,98.84105308970294,95.3128541608258
2026-04-30,96.64,88.39750000000001,85.739,79.11600000000001,69.28750000000001,64.29999999999998,100.2156732107522,95.9683346269147
2026-05-07,96.64,88.39750000000001,85.739,79.11600000000001,69.28750000000001,64.29999999999998,97.99375209569548,98.52138343062772
2026-05-14,96.64,88.39750000000001,85.739,79.11600000000001,69.28750000000001,64.29999999999998,96.53065225848069,100.84598972086742
2026-05-15,101.7,91.2,88.082,82.012,76.87,69.32400000000001,85.97902462508516,91.37486676528275
2026-05-21,96.64,88.39750000000001,85.739,79.11600000000001,69.28750000000001,64.29999999999998,96.11120095760404,98.9898201495226
2026-05-28,96.64,88.39750000000001,85.739,79.11600000000001,69.28750000000001,64.29999999999998,95.9829771769788,97.54791922807225
2026-06-04,96.64,88.39750000000001,85.739,79.11600000000001,69.28750000000001,64.29999999999998,95.8939667073994,97.102086360449
2026-06-11,96.64,88.39750000000001,85.739,79.11600000000001,69.28750000000001,64.29999999999998,95.9519749334529,97.19874592334548
2026-06-15,97.3,89.855,88.078,80.09,75.47,67.899,85.97902462508516,91.37486676528275
2026-06-18,96.64,88.39750000000001,85.739,79.11600000000001,69.28750000000001,64.29999999999998,96.14114169430228,96.94716880518664
2026-06-25,96.64,88.39750000000001,85.739,79.11600000000001,69.28750000000001,64.29999999999998,96.27910636111088,96.6613424814408
2026-07-02,96.64,88.39750000000001,85.739,79.11600000000001,69.28750000000001,64.29999999999998,96.46096745732274,96.40233481548826
2026-07-09,96.64,88.39750000000001,85.739,79.11600000000001,69.28750000000001,64.29999999999998,96.65141427052312,96.19150082703872
2026-07-15,96.8,89.2,86.87599999999999,81.75399999999999,73.66,66.988,85.97902462508516,91.37486676528275
2026-07-16,96.64,88.39750000000001,85.739,79.11600000000001,69.28750000000001,64.29999999999998,96.78313477952192,91.37486676528275
2026-07-23,96.64,88.39750000000001,85.739,79.11600000000001,69.28750000000001,64.29999999999998,96.70904784710804,91.37486676528275
2026-07-30,96.64,88.39750000000001,85.739,79.11600000000001,69.28750000000001,64.29999999999998,96.59749596783509,91.37486676528275
2026-08-06,96.64,88.39750000000001,85.739,79.11600000000001,69.28750000000001,64.29999999999998,96.53480462342422,91.37486676528275
2026-08-13,96.64,88.39750000000001,85.739,79.11600000000001,69.28750000000001,64.29999999999998,96.52284706121836,91.37486676528275
2026-08-15,96.64,88.98499999999999,85.64,81.19,71.825,65.50999999999999,85.97902462508516,91.37486676528275
2026-08-20,96.64,88.39750000000001,85.739,79.11600000000001,69.28750000000001,64.29999999999998,96.34076741948316,91.37486676528275
2026-08-27,96.64,88.39750000000001,85.739,79.11600000000001,69.28750000000001,64.29999999999998,96.01897474675258,91.37486676528275
2026-09-03,96.64,88.39750000000001,85.739,79.11600000000001,69.28750000000001,64.29999999999998,95.59718188669729,91.37486676528275
2026-09-10,96.64,88.39750000000001,85.739,79.11600000000001,69.28750000000001,64.29999999999998,94.9998657506071,91.37486676528275
2026-09-15,95.8,89.375,83.08,78.764,69.43,64.109,85.97902462508516,91.37486676528275
2026-09-17,96.64,88.39750000000001,85.739,79.11600000000001,69.28750000000001,64.29999999999998,94.348069337626,91.37486676528275
2026-09-24,96.64,88.39750000000001,85.739,79.11600000000001,69.28750000000001,64.29999999999998,93.77913289878158,91.37486676528275
