wsa_name,predicted_reliable_supply_pct,predicted_outage_risk_proxy_pct
Midvaal,72.51773767203433,27.48226232796567
Rand West City,74.57919007925128,25.420809920748724
Mogale City,75.44700494267082,24.552995057329184
Merafong City,77.33330395979571,22.666696040204286
Emfuleni,77.55427433285726,22.44572566714274
Lesedi,77.71249713034155,22.287502869658454
City of Tshwane Metropolitan Municipality,78.15962959468882,21.840370405311177
City of Johannesburg Metropolitan Municipality,78.23977406353835,21.76022593646165
Ekurhuleni Metropolitan Municipality,78.55254622506561,21.447453774934388
