model_name,mean_fit_time,std_fit_time,mean_score_time,std_score_time,param_model__alpha,params,split0_test_score,split1_test_score,split2_test_score,split3_test_score,split4_test_score,mean_test_score,std_test_score,rank_test_score,param_model__max_depth,param_model__max_features,param_model__min_samples_leaf,param_model__n_estimators,param_model__learning_rate,param_model__l2_regularization,param_model__max_iter,param_model__max_leaf_nodes
Ridge Regression,0.021162128448486327,0.003995116735514172,0.013745546340942383,0.0030700167396004348,0.01,{'model__alpha': 0.01},-12.514999028132985,-11.021066932410257,-9.636394646283327,-20.567797309255106,-9.999663327819839,-12.747984248780302,4.0353750648569795,4,,,,,,,,
Ridge Regression,0.021768856048583984,0.005278503679630811,0.01209430694580078,0.0006016459355337638,0.1,{'model__alpha': 0.1},-12.506156838401164,-11.02105341760046,-9.628554123260855,-20.566021465380285,-9.996905947037622,-12.743738358336078,4.0363761594931145,3,,,,,,,,
Ridge Regression,0.02002120018005371,0.0010213337345677778,0.014460325241088867,0.005027506003954285,1.0,{'model__alpha': 1.0},-12.41766406140131,-11.011343437215704,-9.56620517489123,-20.555656321994253,-9.97114251482023,-12.704402302064546,4.047464566800554,2,,,,,,,,
Ridge Regression,0.019796991348266603,0.0008258011863230088,0.01220407485961914,0.0006868000750618045,10.0,{'model__alpha': 10.0},-11.776785408072369,-10.876579335380741,-9.333427452660711,-20.582525373230194,-9.930907583540634,-12.500045030576931,4.125849438380729,1,,,,,,,,
Ridge Regression,0.019239425659179688,0.0020276483182842175,0.010988664627075196,0.0014524009403926272,100.0,{'model__alpha': 100.0},-11.121372077313962,-11.612538621696107,-9.854752697523319,-20.83435341649362,-11.032836165054906,-12.891170595616382,4.013339765174788,5,,,,,,,,
Random Forest,0.5318458557128907,0.019255886166379525,0.07699284553527833,0.0065154894097487195,,"{'model__max_depth': None, 'model__max_features': 'sqrt', 'model__min_samples_leaf': 1, 'model__n_estimators': 200}",-11.416246592028397,-12.259563715728223,-9.802701540901875,-20.24267117378534,-10.713749460389673,-12.886986496566703,3.7655970359701896,20,,sqrt,1.0,200.0,,,,
Random Forest,1.6062716960906982,0.1946432635022257,0.20976500511169432,0.04277527602355928,,"{'model__max_depth': None, 'model__max_features': 'sqrt', 'model__min_samples_leaf': 1, 'model__n_estimators': 400}",-11.996998140159894,-12.051627846477833,-9.711801471019678,-20.355117538348924,-10.670448268465577,-12.957198652894382,3.8008703617634745,22,,sqrt,1.0,400.0,,,,
Random Forest,0.4893664360046387,0.016500983791842803,0.07431597709655761,0.008948147937233081,,"{'model__max_depth': None, 'model__max_features': 'sqrt', 'model__min_samples_leaf': 2, 'model__n_estimators': 200}",-11.825862338570692,-13.742073840610114,-10.999002117254452,-20.544509424813864,-11.797919249521962,-13.781873394154218,3.4997501604829044,27,,sqrt,2.0,200.0,,,,
Random Forest,0.9665994644165039,0.01951015194066497,0.12321033477783203,0.011980803383783515,,"{'model__max_depth': None, 'model__max_features': 'sqrt', 'model__min_samples_leaf': 2, 'model__n_estimators': 400}",-11.847092835911878,-13.641523351988367,-10.821844443803052,-20.537451860937566,-11.957987392098945,-13.761179976947961,3.506767879731625,26,,sqrt,2.0,400.0,,,,
Random Forest,0.4750603199005127,0.017393359028413366,0.07128167152404785,0.0025445223318159393,,"{'model__max_depth': None, 'model__max_features': 'sqrt', 'model__min_samples_leaf': 4, 'model__n_estimators': 200}",-11.73916140207336,-14.722277748005268,-11.81583114732721,-20.852796102529332,-12.85373849830776,-14.396760979648585,3.4026843334746424,34,,sqrt,4.0,200.0,,,,
Random Forest,0.9286067962646485,0.00626681422313864,0.11289639472961426,0.004354857657034182,,"{'model__max_depth': None, 'model__max_features': 'sqrt', 'model__min_samples_leaf': 4, 'model__n_estimators': 400}",-11.837866442941493,-14.391539230358514,-11.467714182048715,-20.832890550356765,-12.636731176319085,-14.233348316404914,3.4500792433274774,31,,sqrt,4.0,400.0,,,,
Random Forest,0.8504116535186768,0.20862389549760518,0.09096856117248535,0.016746385816151243,,"{'model__max_depth': None, 'model__max_features': 0.7, 'model__min_samples_leaf': 1, 'model__n_estimators': 200}",-11.352132013414924,-11.679406823550586,-10.111171173509033,-20.95137907155517,-10.201587560277078,-12.859135328461358,4.092947453158542,18,,0.7,1.0,200.0,,,,
Random Forest,1.9297603607177733,0.5791120642958334,0.1978229522705078,0.07577467386112714,,"{'model__max_depth': None, 'model__max_features': 0.7, 'model__min_samples_leaf': 1, 'model__n_estimators': 400}",-11.29605727676697,-11.507359859563794,-9.911159004500936,-21.022909490303665,-10.379837592057982,-12.82346464463867,4.141227792901767,15,,0.7,1.0,400.0,,,,
Random Forest,1.06970157623291,0.20851480275071163,0.16353821754455566,0.01152973442697307,,"{'model__max_depth': None, 'model__max_features': 0.7, 'model__min_samples_leaf': 2, 'model__n_estimators': 200}",-11.156093061934643,-11.286722930706622,-10.675459387907454,-20.53969667785163,-9.857867985144287,-12.703168008708927,3.9501461645665383,9,,0.7,2.0,200.0,,,,
Random Forest,2.66714129447937,0.4048768793322473,0.3050539970397949,0.059467000639447626,,"{'model__max_depth': None, 'model__max_features': 0.7, 'model__min_samples_leaf': 2, 'model__n_estimators': 400}",-11.304926797372179,-11.402298349149943,-10.58342898395548,-20.628378224947273,-10.029746717421746,-12.789755814569324,3.951184253384343,13,,0.7,2.0,400.0,,,,
Random Forest,1.2759076595306396,0.25639596911609985,0.15937108993530275,0.04714383287890569,,"{'model__max_depth': None, 'model__max_features': 0.7, 'model__min_samples_leaf': 4, 'model__n_estimators': 200}",-9.858680974626957,-12.137870495499822,-10.518632096345268,-20.426183666206175,-9.877170215897523,-12.563707489715148,4.017881359797471,2,,0.7,4.0,200.0,,,,
Random Forest,1.811384391784668,0.1758287053808656,0.19563560485839843,0.05876070134280657,,"{'model__max_depth': None, 'model__max_features': 0.7, 'model__min_samples_leaf': 4, 'model__n_estimators': 400}",-9.982330120631373,-12.195595340517166,-10.40865124452601,-20.500593004479644,-10.039156557768269,-12.625265253584493,4.019747389748344,5,,0.7,4.0,400.0,,,,
Random Forest,0.5966956138610839,0.17532829442489736,0.08513550758361817,0.025310252522352576,,"{'model__max_depth': 4, 'model__max_features': 'sqrt', 'model__min_samples_leaf': 1, 'model__n_estimators': 200}",-11.461456168256994,-13.055404170390288,-9.62234635291365,-20.50419577367908,-11.15007790842448,-13.158696074732898,3.831134939881151,23,4,sqrt,1.0,200.0,,,,
Random Forest,1.505749797821045,0.3587727599563647,0.1725306034088135,0.03456149691689525,,"{'model__max_depth': 4, 'model__max_features': 'sqrt', 'model__min_samples_leaf': 1, 'model__n_estimators': 400}",-11.780417817287926,-12.991778389799832,-9.543829180843087,-20.514053327971403,-11.11481799095689,-13.188979341371828,3.828025801688021,24,4,sqrt,1.0,400.0,,,,
Random Forest,0.5794399738311767,0.17013439342846892,0.07287487983703614,0.0075680254593494456,,"{'model__max_depth': 4, 'model__max_features': 'sqrt', 'model__min_samples_leaf': 2, 'model__n_estimators': 200}",-11.825284427329843,-13.968757565502008,-11.15692967694684,-20.66166164870682,-12.005568130731515,-13.923640289843405,3.4968486713005493,30,4,sqrt,2.0,200.0,,,,
Random Forest,0.9314651966094971,0.011166609594340892,0.1194237232208252,0.004370801877599643,,"{'model__max_depth': 4, 'model__max_features': 'sqrt', 'model__min_samples_leaf': 2, 'model__n_estimators': 400}",-11.869876195780362,-13.859195658208426,-10.857666517151404,-20.55762709349022,-12.087526911937422,-13.846378475313566,3.4920922538503345,29,4,sqrt,2.0,400.0,,,,
Random Forest,0.48838276863098146,0.018723284448079247,0.0699355125427246,0.002557818580347139,,"{'model__max_depth': 4, 'model__max_features': 'sqrt', 'model__min_samples_leaf': 4, 'model__n_estimators': 200}",-11.711492550647492,-14.844443858103286,-11.830168594544226,-20.866394194981698,-12.91247137598795,-14.432994114852928,3.4073798829825246,36,4,sqrt,4.0,200.0,,,,
Random Forest,0.9307548522949218,0.019811234960411834,0.11697969436645508,0.0054567271241599035,,"{'model__max_depth': 4, 'model__max_features': 'sqrt', 'model__min_samples_leaf': 4, 'model__n_estimators': 400}",-11.82344157339274,-14.495424750322591,-11.443915352903803,-20.826483642129233,-12.630824430954053,-14.244017949940485,3.455263169324521,33,4,sqrt,4.0,400.0,,,,
Random Forest,0.5571738719940186,0.01643332280101453,0.07354865074157715,0.0087326816691677,,"{'model__max_depth': 4, 'model__max_features': 0.7, 'model__min_samples_leaf': 1, 'model__n_estimators': 200}",-10.731579455647209,-11.78109390432046,-10.101971463764185,-20.72881888882523,-9.973667634856502,-12.663426269482718,4.083061421364336,7,4,0.7,1.0,200.0,,,,
Random Forest,1.7088816165924072,0.31207000841966714,0.18940563201904298,0.046975361646018364,,"{'model__max_depth': 4, 'model__max_features': 0.7, 'model__min_samples_leaf': 1, 'model__n_estimators': 400}",-10.943119570565466,-11.732510595160214,-9.83961837929417,-20.738535136941188,-10.209901822399898,-12.692737100872186,4.074869812430472,8,4,0.7,1.0,400.0,,,,
Random Forest,0.5588186740875244,0.022330533802857117,0.07130770683288574,0.0020638755791279905,,"{'model__max_depth': 4, 'model__max_features': 0.7, 'model__min_samples_leaf': 2, 'model__n_estimators': 200}",-10.838520696217532,-11.92247578711126,-10.469262422940623,-20.48276123652763,-9.885307732990563,-12.71966557515752,3.9379631939943747,10,4,0.7,2.0,200.0,,,,
Random Forest,1.0740739822387695,0.010821772825935898,0.12025279998779297,0.009643876863613983,,"{'model__max_depth': 4, 'model__max_features': 0.7, 'model__min_samples_leaf': 2, 'model__n_estimators': 400}",-11.118433991922808,-11.893975842188244,-10.287056888766797,-20.585014444465973,-9.925103067581032,-12.76191684698497,3.9705832753944748,12,4,0.7,2.0,400.0,,,,
Random Forest,0.5317033767700196,0.01509782228575152,0.06840882301330567,0.00047199397024048103,,"{'model__max_depth': 4, 'model__max_features': 0.7, 'model__min_samples_leaf': 4, 'model__n_estimators': 200}",-9.786726940737138,-12.272529347953787,-10.455164950321569,-20.387724218662044,-9.905797985875788,-12.561588688710064,4.013030166318866,1,4,0.7,4.0,200.0,,,,
Random Forest,1.0375263690948486,0.01322209155307329,0.11819539070129395,0.005965110314053674,,"{'model__max_depth': 4, 'model__max_features': 0.7, 'model__min_samples_leaf': 4, 'model__n_estimators': 400}",-9.865051736804304,-12.31183090352173,-10.301994285428643,-20.508880464324523,-10.032901156598237,-12.604131709335487,4.049299075405112,4,4,0.7,4.0,400.0,,,,
Random Forest,0.7328743457794189,0.18812794719285275,0.09744634628295898,0.02143832165481461,,"{'model__max_depth': 8, 'model__max_features': 'sqrt', 'model__min_samples_leaf': 1, 'model__n_estimators': 200}",-11.544676125310351,-12.230362747950853,-9.59835011019438,-20.384606524714368,-10.582692316300765,-12.868137564894145,3.861874739200203,19,8,sqrt,1.0,200.0,,,,
Random Forest,1.3980768203735352,0.38227492600853036,0.14592256546020507,0.025988850712355425,,"{'model__max_depth': 8, 'model__max_features': 'sqrt', 'model__min_samples_leaf': 1, 'model__n_estimators': 400}",-12.072810734038537,-12.045100568658683,-9.536290880665621,-20.351650033795128,-10.677156914333926,-12.936601826298377,3.8259915133239213,21,8,sqrt,1.0,400.0,,,,
Random Forest,0.47675719261169436,0.013226625470495173,0.07201929092407226,0.007334595164322072,,"{'model__max_depth': 8, 'model__max_features': 'sqrt', 'model__min_samples_leaf': 2, 'model__n_estimators': 200}",-11.871679510987295,-13.766079238962334,-11.024356366083067,-20.536851367919244,-11.781605777545977,-13.796114452299582,3.4894920608061475,28,8,sqrt,2.0,200.0,,,,
Random Forest,0.9052587032318116,0.006473034260435418,0.13349676132202148,0.016460691974803723,,"{'model__max_depth': 8, 'model__max_features': 'sqrt', 'model__min_samples_leaf': 2, 'model__n_estimators': 400}",-11.835032456009879,-13.647459818699154,-10.816168923640147,-20.51881525268336,-11.967055263221477,-13.756906342850803,3.500871129860077,25,8,sqrt,2.0,400.0,,,,
Random Forest,0.46989736557006834,0.015301193325504052,0.07200531959533692,0.0050590255850006816,,"{'model__max_depth': 8, 'model__max_features': 'sqrt', 'model__min_samples_leaf': 4, 'model__n_estimators': 200}",-11.739161402073362,-14.722277748005267,-11.81583114732721,-20.852796102529332,-12.85373849830776,-14.396760979648585,3.4026843334746424,34,8,sqrt,4.0,200.0,,,,
Random Forest,0.9397680759429932,0.006189152100312346,0.12281618118286133,0.018239567981331046,,"{'model__max_depth': 8, 'model__max_features': 'sqrt', 'model__min_samples_leaf': 4, 'model__n_estimators': 400}",-11.837866442941493,-14.395142957271446,-11.467714182048715,-20.832890550356765,-12.636731176319081,-14.2340690617875,3.4501125914781863,32,8,sqrt,4.0,400.0,,,,
Random Forest,1.047246026992798,0.23533620397126975,0.11024322509765624,0.02245334963050587,,"{'model__max_depth': 8, 'model__max_features': 0.7, 'model__min_samples_leaf': 1, 'model__n_estimators': 200}",-11.22756821135276,-11.697712128203623,-10.057388210467256,-20.97329202598492,-10.25953104748655,-12.843098324699023,4.10991234512601,17,8,0.7,1.0,200.0,,,,
Random Forest,1.4990572929382324,0.2949235340113122,0.12107930183410645,0.00791120287264192,,"{'model__max_depth': 8, 'model__max_features': 0.7, 'model__min_samples_leaf': 1, 'model__n_estimators': 400}",-11.217879874653757,-11.53978978061065,-9.920287592436717,-21.02635112856021,-10.44600326360252,-12.830062327972772,4.137477788360223,16,8,0.7,1.0,400.0,,,,
Random Forest,0.5826966762542725,0.005897264099821563,0.07658839225769043,0.009254425836514963,,"{'model__max_depth': 8, 'model__max_features': 0.7, 'model__min_samples_leaf': 2, 'model__n_estimators': 200}",-11.167361497121323,-11.426884801391504,-10.704651939832823,-20.532061875710447,-9.865734745560577,-12.739338971923335,3.9323715987827685,11,8,0.7,2.0,200.0,,,,
Random Forest,1.157961893081665,0.022931814286878953,0.11531352996826172,0.006340995025288306,,"{'model__max_depth': 8, 'model__max_features': 0.7, 'model__min_samples_leaf': 2, 'model__n_estimators': 400}",-11.307433858581486,-11.491282421226444,-10.640428723138017,-20.629628905317478,-9.99403304391925,-12.812561390436533,3.9441093772434535,14,8,0.7,2.0,400.0,,,,
Random Forest,0.5602068424224853,0.013964098128057842,0.07332305908203125,0.008817138973147468,,"{'model__max_depth': 8, 'model__max_features': 0.7, 'model__min_samples_leaf': 4, 'model__n_estimators': 200}",-9.858162948008227,-12.137870495499822,-10.51882108239539,-20.426183666206175,-9.877573350188495,-12.563722308459623,4.017877974054592,3,8,0.7,4.0,200.0,,,,
Random Forest,1.5898242473602295,0.5605747396671193,0.1635082721710205,0.01968810943850661,,"{'model__max_depth': 8, 'model__max_features': 0.7, 'model__min_samples_leaf': 4, 'model__n_estimators': 400}",-9.982490068618349,-12.195595340517167,-10.409686537203484,-20.500593004479647,-10.039308738419306,-12.625534737847591,4.019592613193143,6,8,0.7,4.0,400.0,,,,
Gradient Boosting,0.14189863204956055,0.005358225183041371,0.013022279739379883,0.0011557215790273633,,"{'model__learning_rate': 0.03, 'model__max_depth': 1, 'model__min_samples_leaf': 1, 'model__n_estimators': 100}",-10.2376146431502,-12.988881878403193,-10.425830672865821,-20.739222343102504,-10.951889749579815,-13.068687857420306,3.9578775160985655,9,1,,1.0,100.0,0.03,,,
Gradient Boosting,0.2560235023498535,0.003989852155893224,0.012958383560180664,9.906590052135283e-05,,"{'model__learning_rate': 0.03, 'model__max_depth': 1, 'model__min_samples_leaf': 1, 'model__n_estimators': 200}",-9.523372655140534,-12.431882505970268,-9.752504571783229,-20.965383532479628,-10.40506115910952,-12.615640884896637,4.298797610936818,4,1,,1.0,200.0,0.03,,,
Gradient Boosting,0.14361982345581054,0.014335344553182423,0.01282515525817871,0.0003474454443540503,,"{'model__learning_rate': 0.03, 'model__max_depth': 1, 'model__min_samples_leaf': 2, 'model__n_estimators': 100}",-10.76396146753545,-14.105516709759346,-10.361363486933177,-20.72132412881868,-10.849157987470809,-13.360264756103494,3.9186847884207117,22,1,,2.0,100.0,0.03,,,
Gradient Boosting,0.2572330474853516,0.014750594630972233,0.013411140441894532,0.0005946606089277386,,"{'model__learning_rate': 0.03, 'model__max_depth': 1, 'model__min_samples_leaf': 2, 'model__n_estimators': 200}",-11.434320592270998,-13.934650659683383,-10.299114867916241,-20.497821991528284,-10.143510034037531,-13.261883629087288,3.864030505224153,15,1,,2.0,200.0,0.03,,,
Gradient Boosting,0.16314325332641602,0.0029045765610672745,0.013649511337280273,0.002374043298352387,,"{'model__learning_rate': 0.03, 'model__max_depth': 2, 'model__min_samples_leaf': 1, 'model__n_estimators': 100}",-9.968009175311382,-12.875509893409326,-9.77435245312754,-20.71601754450404,-11.078508166376393,-12.882479446545736,4.068741094137955,6,2,,1.0,100.0,0.03,,,
Gradient Boosting,0.3270392417907715,0.01796245089126574,0.013054084777832032,0.0007567015297090953,,"{'model__learning_rate': 0.03, 'model__max_depth': 2, 'model__min_samples_leaf': 1, 'model__n_estimators': 200}",-10.24148343494142,-12.80742540379616,-9.554711804822132,-20.947128412709205,-11.474037286373814,-13.004957268528546,4.123149250307309,8,2,,1.0,200.0,0.03,,,
Gradient Boosting,0.15945181846618653,0.005831109945860458,0.012491846084594726,0.00011186091581414849,,"{'model__learning_rate': 0.03, 'model__max_depth': 2, 'model__min_samples_leaf': 2, 'model__n_estimators': 100}",-11.798028573956438,-12.728508477231806,-10.930973047143898,-20.298333193436953,-10.29035447090537,-13.209239552534893,3.6383583064796223,12,2,,2.0,100.0,0.03,,,
Gradient Boosting,0.299733829498291,0.006026691000322367,0.016051054000854492,0.006944543765689212,,"{'model__learning_rate': 0.03, 'model__max_depth': 2, 'model__min_samples_leaf': 2, 'model__n_estimators': 200}",-13.345384136334594,-12.618614162294977,-11.404675806818227,-21.15054436798761,-10.289688389833344,-13.761781372653749,3.838890799705357,33,2,,2.0,200.0,0.03,,,
Gradient Boosting,0.18514394760131836,0.005345472086304457,0.012614011764526367,0.0005716959958010005,,"{'model__learning_rate': 0.03, 'model__max_depth': 3, 'model__min_samples_leaf': 1, 'model__n_estimators': 100}",-10.802795438199672,-12.04905075976005,-10.178623079960698,-21.04668544224594,-10.554608748570702,-12.926352693747413,4.108385216098119,7,3,,1.0,100.0,0.03,,,
Gradient Boosting,0.35520205497741697,0.015146863706233058,0.014673566818237305,0.0031098848049506272,,"{'model__learning_rate': 0.03, 'model__max_depth': 3, 'model__min_samples_leaf': 1, 'model__n_estimators': 200}",-11.10361781680866,-11.861397243710092,-10.102678487473542,-21.377746622117826,-11.178820454749866,-13.124852124971998,4.164433855956873,11,3,,1.0,200.0,0.03,,,
Gradient Boosting,0.18771114349365234,0.007840263935024738,0.013856840133666993,0.0026662710765224607,,"{'model__learning_rate': 0.03, 'model__max_depth': 3, 'model__min_samples_leaf': 2, 'model__n_estimators': 100}",-12.101508898762575,-12.206561463796561,-11.623324601965317,-20.757960959100316,-10.921828456404365,-13.522236876005826,3.646180592223133,28,3,,2.0,100.0,0.03,,,
Gradient Boosting,0.34642624855041504,0.007928138962543452,0.013524484634399415,0.0012970073029871802,,"{'model__learning_rate': 0.03, 'model__max_depth': 3, 'model__min_samples_leaf': 2, 'model__n_estimators': 200}",-12.91039927148316,-10.855222525098922,-11.41613180175006,-21.175512295670668,-11.657799748853524,-13.603013128571266,3.845493877813738,31,3,,2.0,200.0,0.03,,,
Gradient Boosting,0.139127779006958,0.00934226394281625,0.012291717529296874,0.00016771410181848457,,"{'model__learning_rate': 0.05, 'model__max_depth': 1, 'model__min_samples_leaf': 1, 'model__n_estimators': 100}",-9.871469543135873,-12.590213724532811,-9.854353801397801,-20.88889102077668,-10.441752391151157,-12.729336096198864,4.201515327584455,5,1,,1.0,100.0,0.05,,,
Gradient Boosting,0.27080340385437013,0.024536057074729282,0.013420295715332032,0.0005871469904362819,,"{'model__learning_rate': 0.05, 'model__max_depth': 1, 'model__min_samples_leaf': 1, 'model__n_estimators': 200}",-9.91741996313226,-11.935869515500142,-9.5832293759753,-20.785872325829477,-10.53854252095594,-12.552186740278625,4.194875256459562,3,1,,1.0,200.0,0.05,,,
Gradient Boosting,0.13621606826782226,0.0047420074635538,0.012645196914672852,0.000256045277040893,,"{'model__learning_rate': 0.05, 'model__max_depth': 1, 'model__min_samples_leaf': 2, 'model__n_estimators': 100}",-11.499993151141075,-13.98775421386684,-10.199078280570092,-20.65779064182124,-10.332322856065211,-13.335387828692893,3.905551825083619,18,1,,2.0,100.0,0.05,,,
Gradient Boosting,0.3482836723327637,0.0700582826319898,0.023724699020385744,0.005870796492336665,,"{'model__learning_rate': 0.05, 'model__max_depth': 1, 'model__min_samples_leaf': 2, 'model__n_estimators': 200}",-12.290020609775212,-13.591412913383035,-10.298566836297834,-20.411146330987428,-10.147415809074618,-13.347712499903626,3.757908665715274,20,1,,2.0,200.0,0.05,,,
Gradient Boosting,0.33588504791259766,0.06549487178092656,0.0231656551361084,0.006029798029110976,,"{'model__learning_rate': 0.05, 'model__max_depth': 2, 'model__min_samples_leaf': 1, 'model__n_estimators': 100}",-10.77502650016861,-12.640885364667037,-9.719450766795822,-21.030028421108273,-11.272422362883823,-13.087562683124712,4.080907214981232,10,2,,1.0,100.0,0.05,,,
Gradient Boosting,0.5048048973083497,0.08407014402176459,0.024787330627441408,0.004862807536687049,,"{'model__learning_rate': 0.05, 'model__max_depth': 2, 'model__min_samples_leaf': 1, 'model__n_estimators': 200}",-11.317277915514142,-12.657125711502927,-9.62809869218319,-20.974992844505273,-11.61071968478191,-13.237642969697486,3.9891621822110737,14,2,,1.0,200.0,0.05,,,
Gradient Boosting,0.2620220184326172,0.06723093611525763,0.021634912490844725,0.0033980941811805263,,"{'model__learning_rate': 0.05, 'model__max_depth': 2, 'model__min_samples_leaf': 2, 'model__n_estimators': 100}",-13.181415469954347,-12.60099938237145,-11.004958234960474,-21.41213378918695,-10.194987532768256,-13.678898881848294,4.012477441169999,32,2,,2.0,100.0,0.05,,,
Gradient Boosting,0.39869179725646975,0.05854968530472185,0.014069175720214844,0.0018873732127479524,,"{'model__learning_rate': 0.05, 'model__max_depth': 2, 'model__min_samples_leaf': 2, 'model__n_estimators': 200}",-13.618151590117721,-11.337440026917056,-11.950084447410326,-21.583053750801835,-10.966384134689099,-13.891022789987208,3.9517929306948005,34,2,,2.0,200.0,0.05,,,
Gradient Boosting,0.18817214965820311,0.011453042794931955,0.013341474533081054,0.002004086516009289,,"{'model__learning_rate': 0.05, 'model__max_depth': 3, 'model__min_samples_leaf': 1, 'model__n_estimators': 100}",-11.644596846069227,-11.78117536508362,-10.125565304190541,-21.23013102563086,-11.304560827732152,-13.217205873741282,4.048671504303878,13,3,,1.0,100.0,0.05,,,
Gradient Boosting,0.3530618190765381,0.008203106576145914,0.012680482864379884,0.0004804581344484436,,"{'model__learning_rate': 0.05, 'model__max_depth': 3, 'model__min_samples_leaf': 1, 'model__n_estimators': 200}",-12.030602394043656,-11.518399076373187,-10.423598968921203,-21.144953742971534,-11.601714348725839,-13.343853706207081,3.936420014927601,19,3,,1.0,200.0,0.05,,,
Gradient Boosting,0.17884840965270996,0.002210404554113813,0.01228504180908203,0.0002583508563679624,,"{'model__learning_rate': 0.05, 'model__max_depth': 3, 'model__min_samples_leaf': 2, 'model__n_estimators': 100}",-12.606401115368769,-10.868927292321471,-11.493822387407713,-20.972956205102992,-11.246149135258745,-13.437651227091939,3.8118576177354266,24,3,,2.0,100.0,0.05,,,
Gradient Boosting,0.35012116432189944,0.01072339609154066,0.012562036514282227,0.0001941195227692564,,"{'model__learning_rate': 0.05, 'model__max_depth': 3, 'model__min_samples_leaf': 2, 'model__n_estimators': 200}",-13.293160531017048,-9.900391127454787,-11.451953322626698,-20.903014730611805,-10.900009530451914,-13.289705848432451,3.9632794800875164,16,3,,2.0,200.0,0.05,,,
Gradient Boosting,0.14353742599487304,0.012389282288086664,0.014109086990356446,0.0023651496361278106,,"{'model__learning_rate': 0.1, 'model__max_depth': 1, 'model__min_samples_leaf': 1, 'model__n_estimators': 100}",-9.239025903769766,-12.053389691573651,-9.35269301130749,-20.738327836672624,-10.534241961708847,-12.383535681006475,4.298962307965915,1,1,,1.0,100.0,0.1,,,
Gradient Boosting,0.25165567398071287,0.0036431716305723423,0.01354060173034668,0.000462651964745862,,"{'model__learning_rate': 0.1, 'model__max_depth': 1, 'model__min_samples_leaf': 1, 'model__n_estimators': 200}",-9.810028241335601,-11.906417333323382,-9.297501829486198,-20.698415830855577,-10.819646336032214,-12.506401914206595,4.192414307432913,2,1,,1.0,200.0,0.1,,,
Gradient Boosting,0.13971323966979982,0.006360119780905306,0.013753414154052734,0.0026956376060148866,,"{'model__learning_rate': 0.1, 'model__max_depth': 1, 'model__min_samples_leaf': 2, 'model__n_estimators': 100}",-12.333967413442457,-13.504110213858878,-10.10725906181955,-20.640377715680184,-10.011095495786778,-13.319361980117568,3.8952442298614307,17,1,,2.0,100.0,0.1,,,
Gradient Boosting,0.2487358570098877,0.004231266207182404,0.012964487075805664,0.0001428875782734532,,"{'model__learning_rate': 0.1, 'model__max_depth': 1, 'model__min_samples_leaf': 2, 'model__n_estimators': 200}",-13.287762739025391,-12.921064836992066,-10.545209662178891,-20.452841106877127,-10.168971197812466,-13.47516990857719,3.7025846699211877,26,1,,2.0,200.0,0.1,,,
Gradient Boosting,0.16622605323791503,0.008035525644655402,0.015494728088378906,0.004785505134476143,,"{'model__learning_rate': 0.1, 'model__max_depth': 2, 'model__min_samples_leaf': 1, 'model__n_estimators': 100}",-12.533256412196751,-12.6778426046542,-9.34784433389094,-20.816145100385317,-11.400180250815927,-13.355053740388627,3.916148813335902,21,2,,1.0,100.0,0.1,,,
Gradient Boosting,0.3025014400482178,0.0043131266705261,0.01395559310913086,0.0009041111801960275,,"{'model__learning_rate': 0.1, 'model__max_depth': 2, 'model__min_samples_leaf': 1, 'model__n_estimators': 200}",-13.064994121739492,-12.425435353544408,-9.454077774392832,-20.768166740774845,-11.664041908746762,-13.475343179839669,3.844667893065336,27,2,,1.0,200.0,0.1,,,
Gradient Boosting,0.16706233024597167,0.014740497348263047,0.01316838264465332,0.0014101951627078575,,"{'model__learning_rate': 0.1, 'model__max_depth': 2, 'model__min_samples_leaf': 2, 'model__n_estimators': 100}",-13.351344980118816,-12.51089804320907,-11.678341600701868,-21.5556960437161,-10.724711710331471,-13.964198475615467,3.8945583327328106,36,2,,2.0,100.0,0.1,,,
Gradient Boosting,0.3078190326690674,0.015636938187155728,0.013161087036132812,0.000542896110911619,,"{'model__learning_rate': 0.1, 'model__max_depth': 2, 'model__min_samples_leaf': 2, 'model__n_estimators': 200}",-13.773349114277343,-11.817183081112596,-11.483617914223231,-21.4372906024524,-11.10139550388168,-13.922567243189452,3.8686808991723765,35,2,,2.0,200.0,0.1,,,
Gradient Boosting,0.18721318244934082,0.007363099800645109,0.01243605613708496,0.00013666244461274968,,"{'model__learning_rate': 0.1, 'model__max_depth': 3, 'model__min_samples_leaf': 1, 'model__n_estimators': 100}",-11.37473662259747,-11.850875621905315,-10.593571763701876,-21.31219227815417,-11.72944383197346,-13.372164023666457,3.9941754563681435,23,3,,1.0,100.0,0.1,,,
Gradient Boosting,0.3574397563934326,0.015831671018787644,0.012604761123657226,0.00022284903857247237,,"{'model__learning_rate': 0.1, 'model__max_depth': 3, 'model__min_samples_leaf': 1, 'model__n_estimators': 200}",-11.734740378143607,-11.750016978407526,-10.69872437889198,-21.235298582320606,-11.810784633294658,-13.445912990211676,3.9166157050049746,25,3,,1.0,200.0,0.1,,,
Gradient Boosting,0.1781257152557373,0.0017344643901441644,0.012476682662963867,0.00024218507159425457,,"{'model__learning_rate': 0.1, 'model__max_depth': 3, 'model__min_samples_leaf': 2, 'model__n_estimators': 100}",-13.892023648461324,-9.852333773617435,-11.658948871350676,-20.88559443937974,-11.394930125729736,-13.536766171707779,3.8941028835918767,29,3,,2.0,100.0,0.1,,,
Gradient Boosting,0.4962934017181396,0.09336780300670895,0.015297794342041015,0.005039022135253064,,"{'model__learning_rate': 0.1, 'model__max_depth': 3, 'model__min_samples_leaf': 2, 'model__n_estimators': 200}",-14.39708773420067,-9.665572941592043,-11.850857746853187,-20.969356408334505,-11.123196808099564,-13.601214327815995,3.9904015914992352,30,3,,2.0,200.0,0.1,,,
HistGradientBoosting,0.18214883804321289,0.031969496039554984,0.025560522079467775,0.005837764250747098,,"{'model__l2_regularization': 0.0, 'model__learning_rate': 0.03, 'model__max_iter': 100, 'model__max_leaf_nodes': 7}",-11.378192318513285,-13.66232058871193,-11.345003914383954,-20.504238502111455,-10.823184653598986,-13.542587995463922,3.616297903828075,4,,,,,0.03,0.0,100.0,7.0
HistGradientBoosting,0.21205039024353028,0.00765943205490857,0.03132729530334473,0.0018383729454295504,,"{'model__l2_regularization': 0.0, 'model__learning_rate': 0.03, 'model__max_iter': 100, 'model__max_leaf_nodes': 15}",-11.378192318513285,-13.66232058871193,-11.345003914383954,-20.504238502111455,-10.823184653598986,-13.542587995463922,3.616297903828075,4,,,,,0.03,0.0,100.0,15.0
HistGradientBoosting,0.1750502586364746,0.030445527255904513,0.018120574951171874,0.004926648292602994,,"{'model__l2_regularization': 0.0, 'model__learning_rate': 0.03, 'model__max_iter': 100, 'model__max_leaf_nodes': 31}",-11.378192318513285,-13.66232058871193,-11.345003914383954,-20.504238502111455,-10.823184653598986,-13.542587995463922,3.616297903828075,4,,,,,0.03,0.0,100.0,31.0
HistGradientBoosting,0.2877354621887207,0.014436567729740656,0.025847721099853515,0.0072579371701259505,,"{'model__l2_regularization': 0.0, 'model__learning_rate': 0.03, 'model__max_iter': 200, 'model__max_leaf_nodes': 7}",-11.996419114379716,-13.267530379951166,-11.88649282703087,-20.653991747076816,-11.49691877472091,-13.860270568631895,3.4485115890850127,19,,,,,0.03,0.0,200.0,7.0
HistGradientBoosting,0.2709640979766846,0.05307385941385945,0.023050260543823243,0.007797014453958421,,"{'model__l2_regularization': 0.0, 'model__learning_rate': 0.03, 'model__max_iter': 200, 'model__max_leaf_nodes': 15}",-11.996419114379716,-13.267530379951166,-11.88649282703087,-20.653991747076816,-11.49691877472091,-13.860270568631895,3.4485115890850127,19,,,,,0.03,0.0,200.0,15.0
HistGradientBoosting,0.17675189971923827,0.00396529708794368,0.017174959182739258,0.0007040292092169219,,"{'model__l2_regularization': 0.0, 'model__learning_rate': 0.03, 'model__max_iter': 200, 'model__max_leaf_nodes': 31}",-11.996419114379716,-13.267530379951166,-11.88649282703087,-20.653991747076816,-11.49691877472091,-13.860270568631895,3.4485115890850127,19,,,,,0.03,0.0,200.0,31.0
HistGradientBoosting,0.11082253456115723,0.012491455020510963,0.01559910774230957,0.001002769787477391,,"{'model__l2_regularization': 0.0, 'model__learning_rate': 0.05, 'model__max_iter': 100, 'model__max_leaf_nodes': 7}",-11.775865720590632,-13.304528566203558,-11.886001481501058,-20.58727800786665,-11.332750232966834,-13.777284801825747,3.4686564003792464,16,,,,,0.05,0.0,100.0,7.0
HistGradientBoosting,0.11015734672546387,0.0067846171806410505,0.014508438110351563,0.00022785913946611207,,"{'model__l2_regularization': 0.0, 'model__learning_rate': 0.05, 'model__max_iter': 100, 'model__max_leaf_nodes': 15}",-11.775865720590632,-13.304528566203558,-11.886001481501058,-20.58727800786665,-11.332750232966834,-13.777284801825747,3.4686564003792464,16,,,,,0.05,0.0,100.0,15.0
HistGradientBoosting,0.10875649452209472,0.0022438927601321984,0.015237045288085938,0.0012800336292090489,,"{'model__l2_regularization': 0.0, 'model__learning_rate': 0.05, 'model__max_iter': 100, 'model__max_leaf_nodes': 31}",-11.775865720590632,-13.304528566203558,-11.886001481501058,-20.58727800786665,-11.332750232966834,-13.777284801825747,3.4686564003792464,16,,,,,0.05,0.0,100.0,31.0
HistGradientBoosting,0.1880765438079834,0.01233831220009547,0.016462087631225586,0.00026760193083015093,,"{'model__l2_regularization': 0.0, 'model__learning_rate': 0.05, 'model__max_iter': 200, 'model__max_leaf_nodes': 7}",-12.644537946724805,-13.355703555471651,-12.090960913645729,-20.940393130102365,-11.716469124587173,-14.149612934106344,3.440013820571233,37,,,,,0.05,0.0,200.0,7.0
HistGradientBoosting,0.17569441795349122,0.0029507105680364096,0.016688776016235352,0.0005857301082062487,,"{'model__l2_regularization': 0.0, 'model__learning_rate': 0.05, 'model__max_iter': 200, 'model__max_leaf_nodes': 15}",-12.644537946724805,-13.355703555471651,-12.090960913645729,-20.940393130102365,-11.716469124587173,-14.149612934106344,3.440013820571233,37,,,,,0.05,0.0,200.0,15.0
HistGradientBoosting,0.17897477149963378,0.003993425156534656,0.01685175895690918,0.000222034275342248,,"{'model__l2_regularization': 0.0, 'model__learning_rate': 0.05, 'model__max_iter': 200, 'model__max_leaf_nodes': 31}",-12.644537946724805,-13.355703555471651,-12.090960913645729,-20.940393130102365,-11.716469124587173,-14.149612934106344,3.440013820571233,37,,,,,0.05,0.0,200.0,31.0
HistGradientBoosting,0.11157112121582032,0.013073674102134045,0.014492416381835937,0.00020019430984923446,,"{'model__l2_regularization': 0.0, 'model__learning_rate': 0.1, 'model__max_iter': 100, 'model__max_leaf_nodes': 7}",-12.566640982910556,-13.40544961484255,-12.181030625972179,-20.91635427905659,-11.856277064257393,-14.185150513407853,3.405194819436651,43,,,,,0.1,0.0,100.0,7.0
HistGradientBoosting,0.10963988304138184,0.0018506477243398442,0.01470952033996582,0.00017057994771808144,,"{'model__l2_regularization': 0.0, 'model__learning_rate': 0.1, 'model__max_iter': 100, 'model__max_leaf_nodes': 15}",-12.566640982910556,-13.40544961484255,-12.181030625972179,-20.91635427905659,-11.856277064257393,-14.185150513407853,3.405194819436651,43,,,,,0.1,0.0,100.0,15.0
HistGradientBoosting,0.10791354179382324,0.002202432448946964,0.01473550796508789,0.00019258126390024627,,"{'model__l2_regularization': 0.0, 'model__learning_rate': 0.1, 'model__max_iter': 100, 'model__max_leaf_nodes': 31}",-12.566640982910556,-13.40544961484255,-12.181030625972179,-20.91635427905659,-11.856277064257393,-14.185150513407853,3.405194819436651,43,,,,,0.1,0.0,100.0,31.0
HistGradientBoosting,0.18326253890991212,0.013880622761143295,0.016648149490356444,0.00032663169916057804,,"{'model__l2_regularization': 0.0, 'model__learning_rate': 0.1, 'model__max_iter': 200, 'model__max_leaf_nodes': 7}",-13.148139405229994,-13.691219679403794,-12.608628157151939,-21.075935166710224,-12.386471869699099,-14.582078855639008,3.2782672223059692,52,,,,,0.1,0.0,200.0,7.0
HistGradientBoosting,0.1772207260131836,0.0024193435560935393,0.01713089942932129,0.0006572393496532008,,"{'model__l2_regularization': 0.0, 'model__learning_rate': 0.1, 'model__max_iter': 200, 'model__max_leaf_nodes': 15}",-13.148139405229994,-13.691219679403794,-12.608628157151939,-21.075935166710224,-12.386471869699099,-14.582078855639008,3.2782672223059692,52,,,,,0.1,0.0,200.0,15.0
HistGradientBoosting,0.20067100524902343,0.030180894914297957,0.01710505485534668,0.001112480735687097,,"{'model__l2_regularization': 0.0, 'model__learning_rate': 0.1, 'model__max_iter': 200, 'model__max_leaf_nodes': 31}",-13.148139405229994,-13.691219679403794,-12.608628157151939,-21.075935166710224,-12.386471869699099,-14.582078855639008,3.2782672223059692,52,,,,,0.1,0.0,200.0,31.0
HistGradientBoosting,0.10880298614501953,0.0040279053118459215,0.015125465393066407,0.0007629420220808648,,"{'model__l2_regularization': 0.5, 'model__learning_rate': 0.03, 'model__max_iter': 100, 'model__max_leaf_nodes': 7}",-11.367702898249002,-13.721597088662653,-11.318094713236613,-20.47380651307504,-10.843106448621912,-13.544861532369044,3.6066467728341602,7,,,,,0.03,0.5,100.0,7.0
HistGradientBoosting,0.11011223793029785,0.009789911541313014,0.014521217346191407,0.0007568804023403622,,"{'model__l2_regularization': 0.5, 'model__learning_rate': 0.03, 'model__max_iter': 100, 'model__max_leaf_nodes': 15}",-11.367702898249002,-13.721597088662653,-11.318094713236613,-20.47380651307504,-10.843106448621912,-13.544861532369044,3.6066467728341602,7,,,,,0.03,0.5,100.0,15.0
HistGradientBoosting,0.11203722953796387,0.006090620163380312,0.01569361686706543,0.0012170391994605532,,"{'model__l2_regularization': 0.5, 'model__learning_rate': 0.03, 'model__max_iter': 100, 'model__max_leaf_nodes': 31}",-11.367702898249002,-13.721597088662653,-11.318094713236613,-20.47380651307504,-10.843106448621912,-13.544861532369044,3.6066467728341602,7,,,,,0.03,0.5,100.0,31.0
HistGradientBoosting,0.17799720764160157,0.004443972856746675,0.016636991500854494,0.0002869100928742031,,"{'model__l2_regularization': 0.5, 'model__learning_rate': 0.03, 'model__max_iter': 200, 'model__max_leaf_nodes': 7}",-11.970448303037749,-13.270601881888055,-11.958358630673974,-20.61887202886691,-11.531520600379157,-13.869960288969171,3.4245498108491685,25,,,,,0.03,0.5,200.0,7.0
HistGradientBoosting,0.18962416648864747,0.016065556143891123,0.017121171951293944,0.0006755305689452697,,"{'model__l2_regularization': 0.5, 'model__learning_rate': 0.03, 'model__max_iter': 200, 'model__max_leaf_nodes': 15}",-11.970448303037749,-13.270601881888055,-11.958358630673974,-20.61887202886691,-11.531520600379157,-13.869960288969171,3.4245498108491685,25,,,,,0.03,0.5,200.0,15.0
HistGradientBoosting,0.29969143867492676,0.192574273569864,0.032499504089355466,0.02426182937550126,,"{'model__l2_regularization': 0.5, 'model__learning_rate': 0.03, 'model__max_iter': 200, 'model__max_leaf_nodes': 31}",-11.970448303037749,-13.270601881888055,-11.958358630673974,-20.61887202886691,-11.531520600379157,-13.869960288969171,3.4245498108491685,25,,,,,0.03,0.5,200.0,31.0
HistGradientBoosting,0.22177572250366212,0.15107680721045047,0.025373506546020507,0.021406835132875633,,"{'model__l2_regularization': 0.5, 'model__learning_rate': 0.05, 'model__max_iter': 100, 'model__max_leaf_nodes': 7}",-11.79796207366198,-13.305949542781049,-11.85371496139794,-20.582101579911548,-11.337370634268424,-13.775419758404189,3.4669494214965986,13,,,,,0.05,0.5,100.0,7.0
HistGradientBoosting,0.10720438957214355,0.004246642730357071,0.014777374267578126,0.0002627984250971224,,"{'model__l2_regularization': 0.5, 'model__learning_rate': 0.05, 'model__max_iter': 100, 'model__max_leaf_nodes': 15}",-11.79796207366198,-13.305949542781049,-11.85371496139794,-20.582101579911548,-11.337370634268424,-13.775419758404189,3.4669494214965986,13,,,,,0.05,0.5,100.0,15.0
HistGradientBoosting,0.11688017845153809,0.015936776600817437,0.0148895263671875,0.0003306760800051918,,"{'model__l2_regularization': 0.5, 'model__learning_rate': 0.05, 'model__max_iter': 100, 'model__max_leaf_nodes': 31}",-11.79796207366198,-13.305949542781049,-11.85371496139794,-20.582101579911548,-11.337370634268424,-13.775419758404189,3.4669494214965986,13,,,,,0.05,0.5,100.0,31.0
HistGradientBoosting,0.22437758445739747,0.04948939655133865,0.023818826675415038,0.012996543192790205,,"{'model__l2_regularization': 0.5, 'model__learning_rate': 0.05, 'model__max_iter': 200, 'model__max_leaf_nodes': 7}",-12.643515395870887,-13.367745481793458,-12.141729970950948,-20.941216145192215,-11.76783671244364,-14.172408741250228,3.4265835581286477,40,,,,,0.05,0.5,200.0,7.0
HistGradientBoosting,0.279101037979126,0.03977176381442542,0.029297876358032226,0.0075472639352683465,,"{'model__l2_regularization': 0.5, 'model__learning_rate': 0.05, 'model__max_iter': 200, 'model__max_leaf_nodes': 15}",-12.643515395870887,-13.367745481793458,-12.141729970950948,-20.941216145192215,-11.76783671244364,-14.172408741250228,3.4265835581286477,40,,,,,0.05,0.5,200.0,15.0
HistGradientBoosting,0.2975346565246582,0.020374269264488626,0.02849998474121094,0.011035854918646813,,"{'model__l2_regularization': 0.5, 'model__learning_rate': 0.05, 'model__max_iter': 200, 'model__max_leaf_nodes': 31}",-12.643515395870887,-13.367745481793458,-12.141729970950948,-20.941216145192215,-11.76783671244364,-14.172408741250228,3.4265835581286477,40,,,,,0.05,0.5,200.0,31.0
HistGradientBoosting,0.18412137031555176,0.045083782635493085,0.022460031509399413,0.006473165591030679,,"{'model__l2_regularization': 0.5, 'model__learning_rate': 0.1, 'model__max_iter': 100, 'model__max_leaf_nodes': 7}",-12.560100005767158,-13.315178980781617,-12.167838591851721,-20.964560272892115,-11.705654279750934,-14.14266642620871,3.4515637262029335,34,,,,,0.1,0.5,100.0,7.0
HistGradientBoosting,0.16109704971313477,0.02844151733005699,0.024544382095336915,0.006814445039466689,,"{'model__l2_regularization': 0.5, 'model__learning_rate': 0.1, 'model__max_iter': 100, 'model__max_leaf_nodes': 15}",-12.560100005767158,-13.315178980781617,-12.167838591851721,-20.964560272892115,-11.705654279750934,-14.14266642620871,3.4515637262029335,34,,,,,0.1,0.5,100.0,15.0
HistGradientBoosting,0.1716770648956299,0.024828257526219047,0.0187744140625,0.00608344555446623,,"{'model__l2_regularization': 0.5, 'model__learning_rate': 0.1, 'model__max_iter': 100, 'model__max_leaf_nodes': 31}",-12.560100005767158,-13.315178980781617,-12.167838591851721,-20.964560272892115,-11.705654279750934,-14.14266642620871,3.4515637262029335,34,,,,,0.1,0.5,100.0,31.0
HistGradientBoosting,0.27217464447021483,0.021324544082405847,0.030688714981079102,0.005992209486541651,,"{'model__l2_regularization': 0.5, 'model__learning_rate': 0.1, 'model__max_iter': 200, 'model__max_leaf_nodes': 7}",-13.075455632354032,-13.711991179103173,-12.61790968851825,-21.140902644833034,-12.22952638041509,-14.555157105044717,3.3296839298039487,46,,,,,0.1,0.5,200.0,7.0
HistGradientBoosting,0.21501355171203612,0.03529372061218865,0.02076888084411621,0.006340198334852041,,"{'model__l2_regularization': 0.5, 'model__learning_rate': 0.1, 'model__max_iter': 200, 'model__max_leaf_nodes': 15}",-13.075455632354032,-13.711991179103173,-12.61790968851825,-21.140902644833034,-12.22952638041509,-14.555157105044717,3.3296839298039487,46,,,,,0.1,0.5,200.0,15.0
HistGradientBoosting,0.18011832237243652,0.0053406643519614844,0.016101837158203125,0.0005211874419824343,,"{'model__l2_regularization': 0.5, 'model__learning_rate': 0.1, 'model__max_iter': 200, 'model__max_leaf_nodes': 31}",-13.075455632354032,-13.711991179103173,-12.61790968851825,-21.140902644833034,-12.22952638041509,-14.555157105044717,3.3296839298039487,46,,,,,0.1,0.5,200.0,31.0
HistGradientBoosting,0.10825319290161133,0.003453703045019791,0.014991664886474609,0.0003665630751097857,,"{'model__l2_regularization': 1.0, 'model__learning_rate': 0.03, 'model__max_iter': 100, 'model__max_leaf_nodes': 7}",-11.344480834652241,-13.689080220176583,-11.250837466973683,-20.481028701446995,-10.862583322711536,-13.52560210919221,3.6174078404820067,1,,,,,0.03,1.0,100.0,7.0
HistGradientBoosting,0.11390867233276367,0.015382051082904762,0.015823841094970703,0.0018672942323752864,,"{'model__l2_regularization': 1.0, 'model__learning_rate': 0.03, 'model__max_iter': 100, 'model__max_leaf_nodes': 15}",-11.344480834652241,-13.689080220176583,-11.250837466973683,-20.481028701446995,-10.862583322711536,-13.52560210919221,3.6174078404820067,1,,,,,0.03,1.0,100.0,15.0
HistGradientBoosting,0.10478582382202148,0.003562812775257628,0.014499187469482422,0.00016601878489263974,,"{'model__l2_regularization': 1.0, 'model__learning_rate': 0.03, 'model__max_iter': 100, 'model__max_leaf_nodes': 31}",-11.344480834652241,-13.689080220176583,-11.250837466973683,-20.481028701446995,-10.862583322711536,-13.52560210919221,3.6174078404820067,1,,,,,0.03,1.0,100.0,31.0
HistGradientBoosting,0.1837775707244873,0.0023663527318020156,0.017471981048583985,0.0007797205488893906,,"{'model__l2_regularization': 1.0, 'model__learning_rate': 0.03, 'model__max_iter': 200, 'model__max_leaf_nodes': 7}",-12.035453988723399,-13.27215578256111,-11.894979267997133,-20.611497374565747,-11.504102136851888,-13.863637710139855,3.4254559061275764,22,,,,,0.03,1.0,200.0,7.0
HistGradientBoosting,0.19462871551513672,0.017079634699137855,0.017086124420166014,0.001407682115855673,,"{'model__l2_regularization': 1.0, 'model__learning_rate': 0.03, 'model__max_iter': 200, 'model__max_leaf_nodes': 15}",-12.035453988723399,-13.27215578256111,-11.894979267997133,-20.611497374565747,-11.504102136851888,-13.863637710139855,3.4254559061275764,22,,,,,0.03,1.0,200.0,15.0
HistGradientBoosting,0.18278970718383789,0.0048003183467935535,0.016439485549926757,0.000266544481830774,,"{'model__l2_regularization': 1.0, 'model__learning_rate': 0.03, 'model__max_iter': 200, 'model__max_leaf_nodes': 31}",-12.035453988723399,-13.27215578256111,-11.894979267997133,-20.611497374565747,-11.504102136851888,-13.863637710139855,3.4254559061275764,22,,,,,0.03,1.0,200.0,31.0
HistGradientBoosting,0.10913605690002441,0.008664106272145752,0.017122888565063478,0.00573530018386086,,"{'model__l2_regularization': 1.0, 'model__learning_rate': 0.05, 'model__max_iter': 100, 'model__max_leaf_nodes': 7}",-11.805075611455596,-13.307037012273772,-11.899545153435422,-20.563211475436827,-11.300075179779348,-13.774988886476194,3.4589590988141263,10,,,,,0.05,1.0,100.0,7.0
HistGradientBoosting,0.1053269386291504,0.00359967164026121,0.014758014678955078,0.0008409777794828719,,"{'model__l2_regularization': 1.0, 'model__learning_rate': 0.05, 'model__max_iter': 100, 'model__max_leaf_nodes': 15}",-11.805075611455596,-13.307037012273772,-11.899545153435422,-20.563211475436827,-11.300075179779348,-13.774988886476194,3.4589590988141263,10,,,,,0.05,1.0,100.0,15.0
HistGradientBoosting,0.10964012145996094,0.007898643829038089,0.014315080642700196,0.0001817637574449522,,"{'model__l2_regularization': 1.0, 'model__learning_rate': 0.05, 'model__max_iter': 100, 'model__max_leaf_nodes': 31}",-11.805075611455596,-13.307037012273772,-11.899545153435422,-20.563211475436827,-11.300075179779348,-13.774988886476194,3.4589590988141263,10,,,,,0.05,1.0,100.0,31.0
HistGradientBoosting,0.1832223892211914,0.011285547831977627,0.016616153717041015,0.000800999276211805,,"{'model__l2_regularization': 1.0, 'model__learning_rate': 0.05, 'model__max_iter': 200, 'model__max_leaf_nodes': 7}",-12.626785730350495,-13.347471097837717,-12.050741844746831,-20.886589442955888,-11.689058381865596,-14.120129299551305,3.4294177007052036,28,,,,,0.05,1.0,200.0,7.0
HistGradientBoosting,0.1780327320098877,0.0031254286591089102,0.016835880279541016,0.00038621406127168376,,"{'model__l2_regularization': 1.0, 'model__learning_rate': 0.05, 'model__max_iter': 200, 'model__max_leaf_nodes': 15}",-12.626785730350495,-13.347471097837717,-12.050741844746831,-20.886589442955888,-11.689058381865596,-14.120129299551305,3.4294177007052036,28,,,,,0.05,1.0,200.0,15.0
HistGradientBoosting,0.18086962699890136,0.007778199554710777,0.016492652893066406,0.00014300428258617556,,"{'model__l2_regularization': 1.0, 'model__learning_rate': 0.05, 'model__max_iter': 200, 'model__max_leaf_nodes': 31}",-12.626785730350495,-13.347471097837717,-12.050741844746831,-20.886589442955888,-11.689058381865596,-14.120129299551305,3.4294177007052036,28,,,,,0.05,1.0,200.0,31.0
HistGradientBoosting,0.10631890296936035,0.0024923840982904607,0.015285778045654296,0.0016438911505687493,,"{'model__l2_regularization': 1.0, 'model__learning_rate': 0.1, 'model__max_iter': 100, 'model__max_leaf_nodes': 7}",-12.544879282601402,-13.246462475902884,-12.186456650953563,-20.921135051283063,-11.73652019243313,-14.127090730634809,3.432748914487953,31,,,,,0.1,1.0,100.0,7.0
HistGradientBoosting,0.10519356727600097,0.0033728130817675265,0.01468973159790039,0.00019688867833771335,,"{'model__l2_regularization': 1.0, 'model__learning_rate': 0.1, 'model__max_iter': 100, 'model__max_leaf_nodes': 15}",-12.544879282601402,-13.246462475902884,-12.186456650953563,-20.921135051283063,-11.73652019243313,-14.127090730634809,3.432748914487953,31,,,,,0.1,1.0,100.0,15.0
HistGradientBoosting,0.1069643497467041,0.0011486227528460895,0.02118539810180664,0.0077331028415358475,,"{'model__l2_regularization': 1.0, 'model__learning_rate': 0.1, 'model__max_iter': 100, 'model__max_leaf_nodes': 31}",-12.544879282601402,-13.246462475902884,-12.186456650953563,-20.921135051283063,-11.73652019243313,-14.127090730634809,3.432748914487953,31,,,,,0.1,1.0,100.0,31.0
HistGradientBoosting,0.18162288665771484,0.004909733853651363,0.016996383666992188,0.0004820977660378839,,"{'model__l2_regularization': 1.0, 'model__learning_rate': 0.1, 'model__max_iter': 200, 'model__max_leaf_nodes': 7}",-13.073898467198683,-13.655851004210112,-12.737578297748177,-21.085003545432453,-12.256994254538855,-14.561865113825656,3.2932261802526086,49,,,,,0.1,1.0,200.0,7.0
HistGradientBoosting,0.18217716217041016,0.009352798981950461,0.01705060005187988,0.0012309581448822515,,"{'model__l2_regularization': 1.0, 'model__learning_rate': 0.1, 'model__max_iter': 200, 'model__max_leaf_nodes': 15}",-13.073898467198683,-13.655851004210112,-12.737578297748177,-21.085003545432453,-12.256994254538855,-14.561865113825656,3.2932261802526086,49,,,,,0.1,1.0,200.0,15.0
HistGradientBoosting,0.17942442893981933,0.008454530244090982,0.015416336059570313,0.0025141099162501,,"{'model__l2_regularization': 1.0, 'model__learning_rate': 0.1, 'model__max_iter': 200, 'model__max_leaf_nodes': 31}",-13.073898467198683,-13.655851004210112,-12.737578297748177,-21.085003545432453,-12.256994254538855,-14.561865113825656,3.2932261802526086,49,,,,,0.1,1.0,200.0,31.0
Extra Trees,0.3741952419281006,0.004481572055359301,0.07804083824157715,0.00906825501454513,,"{'model__max_depth': None, 'model__max_features': 'sqrt', 'model__min_samples_leaf': 1, 'model__n_estimators': 200}",-11.381258992308364,-11.486225881463415,-8.993680350668463,-21.566782661653544,-10.451987998701492,-12.775987176959056,4.485390802837337,15,,sqrt,1.0,200.0,,,,
Extra Trees,1.2035431861877441,0.22651499390528898,0.2113584518432617,0.034297585670992836,,"{'model__max_depth': None, 'model__max_features': 'sqrt', 'model__min_samples_leaf': 1, 'model__n_estimators': 400}",-10.930598994336952,-11.649281615309066,-9.000470363866176,-21.536100676393346,-10.676830650262042,-12.758656460033517,4.473790228675482,13,,sqrt,1.0,400.0,,,,
Extra Trees,0.4963208198547363,0.20564924847547847,0.09359974861145019,0.03508157484747033,,"{'model__max_depth': None, 'model__max_features': 'sqrt', 'model__min_samples_leaf': 2, 'model__n_estimators': 200}",-12.282142850377694,-14.650985992766817,-11.38260052526538,-21.40827536887915,-12.838667428059768,-14.51253443306976,3.6095256064477015,28,,sqrt,2.0,200.0,,,,
Extra Trees,0.6356066703796387,0.012868909968296992,0.11992082595825196,0.0040048523852315564,,"{'model__max_depth': None, 'model__max_features': 'sqrt', 'model__min_samples_leaf': 2, 'model__n_estimators': 400}",-12.093951316134431,-14.57454227163667,-11.17673137804581,-21.40369312035824,-12.816952729939214,-14.413174163222873,3.668642101288645,26,,sqrt,2.0,400.0,,,,
Extra Trees,0.33266491889953614,0.01669130888462514,0.0750504493713379,0.010920587411777625,,"{'model__max_depth': None, 'model__max_features': 'sqrt', 'model__min_samples_leaf': 4, 'model__n_estimators': 200}",-13.313289659351172,-16.13573591848438,-13.216037605508948,-21.61411755182698,-14.071042827764261,-15.670044712587147,3.1522094634604927,34,,sqrt,4.0,200.0,,,,
Extra Trees,0.6548029899597168,0.022042132035396258,0.12283501625061036,0.007364632099242988,,"{'model__max_depth': None, 'model__max_features': 'sqrt', 'model__min_samples_leaf': 4, 'model__n_estimators': 400}",-13.094116199086915,-15.966359329327886,-12.965504105797216,-21.5787250117821,-13.941557222120728,-15.509252373622967,3.2189641487279412,31,,sqrt,4.0,400.0,,,,
Extra Trees,0.5157693386077881,0.011580653921268672,0.0864837646484375,0.014335274361501784,,"{'model__max_depth': None, 'model__max_features': 0.7, 'model__min_samples_leaf': 1, 'model__n_estimators': 200}",-10.01567633762194,-11.877907065219866,-9.589335222005746,-22.481315547583065,-11.002681207323967,-12.993383075950916,4.810037888789682,22,,0.7,1.0,200.0,,,,
Extra Trees,1.0747130393981934,0.12293425777063892,0.13355450630187987,0.018382039458743723,,"{'model__max_depth': None, 'model__max_features': 0.7, 'model__min_samples_leaf': 1, 'model__n_estimators': 400}",-9.933027688600289,-11.890031394512798,-9.552463098593995,-22.48354950013454,-10.991930648207347,-12.970200466009794,4.82678927927451,21,,0.7,1.0,400.0,,,,
Extra Trees,0.6641177654266357,0.15411029106350876,0.11996650695800781,0.01639738460927081,,"{'model__max_depth': None, 'model__max_features': 0.7, 'model__min_samples_leaf': 2, 'model__n_estimators': 200}",-11.721676249576397,-10.989183935989217,-10.737213654114248,-21.587034657159844,-9.626978336189591,-12.932417366605861,4.379253296794422,20,,0.7,2.0,200.0,,,,
Extra Trees,1.0983586311340332,0.2580761748364602,0.14399681091308594,0.032510464349783996,,"{'model__max_depth': None, 'model__max_features': 0.7, 'model__min_samples_leaf': 2, 'model__n_estimators': 400}",-11.42397084280131,-10.974106163984725,-10.806051799965127,-21.611062729829534,-9.62451801939858,-12.887941911195856,4.401886352591882,19,,0.7,2.0,400.0,,,,
Extra Trees,0.3763281345367432,0.016652619106211203,0.07859988212585449,0.011782001127264734,,"{'model__max_depth': None, 'model__max_features': 0.7, 'model__min_samples_leaf': 4, 'model__n_estimators': 200}",-9.78074325489075,-11.906386119649584,-10.138114561986475,-20.684519123802175,-9.69428722907235,-12.440810057880267,4.199192724837871,8,,0.7,4.0,200.0,,,,
Extra Trees,0.7187599658966064,0.014337016211610343,0.12164673805236817,0.0011573279450567977,,"{'model__max_depth': None, 'model__max_features': 0.7, 'model__min_samples_leaf': 4, 'model__n_estimators': 400}",-9.780254479330416,-11.937164530878373,-10.188750470075234,-20.731745007485852,-9.649654954498832,-12.457513888453741,4.21741013538856,10,,0.7,4.0,400.0,,,,
Extra Trees,0.335920524597168,0.021784864906953406,0.07241978645324706,0.005365066967177832,,"{'model__max_depth': 4, 'model__max_features': 'sqrt', 'model__min_samples_leaf': 1, 'model__n_estimators': 200}",-11.472359138088834,-13.640963919818278,-10.59467630038855,-21.2426720286395,-12.37956897581439,-13.86604807254991,3.8237804319038236,24,4,sqrt,1.0,200.0,,,,
Extra Trees,0.6472408294677734,0.011232734137187563,0.11928067207336426,0.007778737778152746,,"{'model__max_depth': 4, 'model__max_features': 'sqrt', 'model__min_samples_leaf': 1, 'model__n_estimators': 400}",-11.211346888861526,-13.506618556898363,-10.498455655575707,-21.21703338363495,-12.417342914649472,-13.770159479924004,3.8628244900745003,23,4,sqrt,1.0,400.0,,,,
Extra Trees,0.3183157920837402,0.005958979260224898,0.07070093154907227,0.0038409871398575593,,"{'model__max_depth': 4, 'model__max_features': 'sqrt', 'model__min_samples_leaf': 2, 'model__n_estimators': 200}",-12.397657488174199,-14.931613555594591,-11.7780003978861,-21.543990803328228,-13.011888001064424,-14.732630049209508,3.5658692121861075,30,4,sqrt,2.0,200.0,,,,
Extra Trees,0.7181949138641357,0.17786527444680508,0.17601804733276366,0.04615250627429608,,"{'model__max_depth': 4, 'model__max_features': 'sqrt', 'model__min_samples_leaf': 2, 'model__n_estimators': 400}",-12.197400354354613,-14.771875440629602,-11.520406457237705,-21.512417853770252,-13.040446474233745,-14.608509316045183,3.619372552129004,29,4,sqrt,2.0,400.0,,,,
Extra Trees,0.5957536697387695,0.12461958879099959,0.11868724822998047,0.015407617428499717,,"{'model__max_depth': 4, 'model__max_features': 'sqrt', 'model__min_samples_leaf': 4, 'model__n_estimators': 200}",-13.271840880210405,-16.186614334627173,-13.24884342935476,-21.66152656841197,-14.16592293955572,-15.706949630432007,3.1633485018867837,36,4,sqrt,4.0,200.0,,,,
Extra Trees,0.8206604480743408,0.23429969920729027,0.14309635162353515,0.02410089342162437,,"{'model__max_depth': 4, 'model__max_features': 'sqrt', 'model__min_samples_leaf': 4, 'model__n_estimators': 400}",-13.095062163991976,-16.044895008041493,-12.993348764289648,-21.617619086983414,-14.048061588050526,-15.559797322271413,3.2211627350726544,33,4,sqrt,4.0,400.0,,,,
Extra Trees,0.3659583568572998,0.006410662614708045,0.07064242362976074,0.001285692673954565,,"{'model__max_depth': 4, 'model__max_features': 0.7, 'model__min_samples_leaf': 1, 'model__n_estimators': 200}",-9.832529491503696,-11.170166385863677,-8.677991533919407,-21.086903594638034,-10.556656111964049,-12.264849423577772,4.488354373544761,6,4,0.7,1.0,200.0,,,,
Extra Trees,0.7269836902618408,0.01688549958074397,0.12265548706054688,0.00903601767772109,,"{'model__max_depth': 4, 'model__max_features': 0.7, 'model__min_samples_leaf': 1, 'model__n_estimators': 400}",-9.703445185863592,-11.220643173243202,-8.720572457717127,-21.052907054827102,-10.577055525234941,-12.254924679377194,4.478641987112923,5,4,0.7,1.0,400.0,,,,
Extra Trees,0.3586275100708008,0.005302305574742681,0.07052474021911621,0.003334537665900029,,"{'model__max_depth': 4, 'model__max_features': 0.7, 'model__min_samples_leaf': 2, 'model__n_estimators': 200}",-10.110820322080833,-11.050789990067276,-9.181431918269872,-20.620821789100702,-10.088000024931809,-12.210372808890098,4.246583430482904,2,4,0.7,2.0,200.0,,,,
Extra Trees,0.7049558162689209,0.01511732997241837,0.11984996795654297,0.004248926998736822,,"{'model__max_depth': 4, 'model__max_features': 0.7, 'model__min_samples_leaf': 2, 'model__n_estimators': 400}",-9.939042761004757,-11.154252419601496,-9.139363166075949,-20.568338742499616,-10.110206287798244,-12.182240675396013,4.241880893386165,1,4,0.7,2.0,400.0,,,,
Extra Trees,0.35549192428588866,0.006411841816650465,0.07601714134216309,0.009489221690099236,,"{'model__max_depth': 4, 'model__max_features': 0.7, 'model__min_samples_leaf': 4, 'model__n_estimators': 200}",-9.559946213121876,-11.798002047479978,-9.350803937371271,-20.492853402319092,-9.874944714593722,-12.215310062977187,4.229078675010624,3,4,0.7,4.0,200.0,,,,
Extra Trees,0.8300066471099854,0.19255685647858878,0.17755837440490724,0.03757704657197348,,"{'model__max_depth': 4, 'model__max_features': 0.7, 'model__min_samples_leaf': 4, 'model__n_estimators': 400}",-9.51281633154191,-11.81769979748564,-9.385528382125417,-20.54368015759539,-9.96701405983056,-12.245347745715783,4.239842041673955,4,4,0.7,4.0,400.0,,,,
Extra Trees,0.5985589981079101,0.07976282590146741,0.11569075584411621,0.025078560148222236,,"{'model__max_depth': 8, 'model__max_features': 'sqrt', 'model__min_samples_leaf': 1, 'model__n_estimators': 200}",-11.286999306809696,-11.88904915969154,-8.944830028255351,-20.94578147198678,-11.232309882904298,-12.859793969929536,4.1659301372082,18,8,sqrt,1.0,200.0,,,,
Extra Trees,0.8352449417114258,0.22478970847424365,0.14044656753540039,0.027199033402638583,,"{'model__max_depth': 8, 'model__max_features': 'sqrt', 'model__min_samples_leaf': 1, 'model__n_estimators': 400}",-11.018002026714488,-11.851988542586238,-8.912684565176455,-20.8941791686172,-11.184134287442337,-12.772197718107344,4.178716486441805,14,8,sqrt,1.0,400.0,,,,
Extra Trees,0.3303073883056641,0.019714850886690567,0.06983799934387207,0.0009762481559789168,,"{'model__max_depth': 8, 'model__max_features': 'sqrt', 'model__min_samples_leaf': 2, 'model__n_estimators': 200}",-12.286667718147786,-14.593338239692896,-11.349386290733609,-21.377199737603945,-12.818286382875774,-14.4849756738108,3.6043536682997424,27,8,sqrt,2.0,200.0,,,,
Extra Trees,0.6296535968780518,0.017206227099195014,0.12339267730712891,0.008660115324838673,,"{'model__max_depth': 8, 'model__max_features': 'sqrt', 'model__min_samples_leaf': 2, 'model__n_estimators': 400}",-12.089289144843919,-14.563115331383685,-11.14663145407017,-21.402309516631806,-12.807070307088773,-14.401683150803672,3.674782920701619,25,8,sqrt,2.0,400.0,,,,
Extra Trees,0.3308126926422119,0.014437893370963337,0.0720435619354248,0.005034231081754528,,"{'model__max_depth': 8, 'model__max_features': 'sqrt', 'model__min_samples_leaf': 4, 'model__n_estimators': 200}",-13.31328965935117,-16.13573591848438,-13.226271726731945,-21.614868712544045,-14.071042827764263,-15.67224176897516,3.150901596986037,35,8,sqrt,4.0,200.0,,,,
Extra Trees,0.6319893836975098,0.018864680627712346,0.1261814594268799,0.00965496095299894,,"{'model__max_depth': 8, 'model__max_features': 'sqrt', 'model__min_samples_leaf': 4, 'model__n_estimators': 400}",-13.093008059205012,-15.966359329327886,-12.969783089987402,-21.579091743961673,-13.941447717258393,-15.509937987948074,3.218603631090248,32,8,sqrt,4.0,400.0,,,,
Extra Trees,0.41386842727661133,0.007256541760917366,0.0739485740661621,0.005308598148484617,,"{'model__max_depth': 8, 'model__max_features': 0.7, 'model__min_samples_leaf': 1, 'model__n_estimators': 200}",-10.209450717633825,-11.356876405614228,-9.129101193451673,-21.408469538470612,-10.63149807707022,-12.547079186448112,4.489038940259855,12,8,0.7,1.0,200.0,,,,
Extra Trees,1.0475877285003663,0.28817855158895334,0.1668485641479492,0.0483721543693869,,"{'model__max_depth': 8, 'model__max_features': 0.7, 'model__min_samples_leaf': 1, 'model__n_estimators': 400}",-9.94775112366202,-11.347937290477418,-9.10361814139478,-21.39757281674982,-10.57533656656417,-12.47444318776964,4.522045956224175,11,8,0.7,1.0,400.0,,,,
Extra Trees,0.7152267932891846,0.11687515509562044,0.11227989196777344,0.019602453565075395,,"{'model__max_depth': 8, 'model__max_features': 0.7, 'model__min_samples_leaf': 2, 'model__n_estimators': 200}",-11.304183611925431,-11.128816425523848,-10.662070982455282,-21.481272478709325,-9.710365038938251,-12.857341707510425,4.3472970309285515,17,8,0.7,2.0,200.0,,,,
Extra Trees,0.8182371139526368,0.09367366059538192,0.11940336227416992,0.0044285361729005735,,"{'model__max_depth': 8, 'model__max_features': 0.7, 'model__min_samples_leaf': 2, 'model__n_estimators': 400}",-11.08637487241469,-11.223307147408393,-10.668749885053233,-21.351046952988447,-9.658993162954268,-12.797694404163806,4.311635416996341,16,8,0.7,2.0,400.0,,,,
Extra Trees,0.3779573440551758,0.011082081441266815,0.0733992576599121,0.005573609045857164,,"{'model__max_depth': 8, 'model__max_features': 0.7, 'model__min_samples_leaf': 4, 'model__n_estimators': 200}",-9.780398304669443,-11.889347826212836,-10.096018776767469,-20.625938137302327,-9.712604663401443,-12.420861541670705,4.178932497087564,7,8,0.7,4.0,200.0,,,,
Extra Trees,0.6807476997375488,0.08655734878113355,0.12713022232055665,0.007037280695677319,,"{'model__max_depth': 8, 'model__max_features': 0.7, 'model__min_samples_leaf': 4, 'model__n_estimators': 400}",-9.758209942199917,-11.951606901923721,-10.142016660517314,-20.67337754685588,-9.681059460743894,-12.441254102448145,4.197892424187653,9,8,0.7,4.0,400.0,,,,
